record_identifier,county,prior_label_value,corrected_label_value,reason_for_correction,evidence_path,timestamp,qa_status
kern_01749006003_prop_intel_dossier.md,Kern,"**APN**: 017-490-06-00-3 (mislabeled - this is the ATN, not the assessor parcel number)",**Source Identifier**: 017-490-06-00-3 (ATN) / **Assessor APN**: 017-490-06 (NOT_VERIFIED),DOSSIER_QA finding: ATN mislabeled as APN in 245/245 Kern dossiers - see property_model.py and monitor_runs/dossier_qa_report.md Section 1,kern/kern_enrich_docnum_verified.py; property_model.py:atn_to_assessor_parcel_number,2026-08-08T12:00:00Z,PENDING_RERUN
kern_01749006003_prop_intel_dossier.md,Kern,PRIORITY SIGNAL: GOING TO AUCTION in 37 days (2026-09-14 - 2026-09-16),PUBLIC-RECORD SIGNAL: Tax-default / Power-to-Sell public-record indicator; parcel-specific auction status not verified (county auction window ...,DOSSIER_QA finding: overclaimed parcel-specific auction-list confirmation against an unpublished live list - see monitor_runs/dossier_qa_report.md Section 2,report_builder.py (priority_signal_display logic); signal_priority.py,2026-08-08T12:00:00Z,PENDING_RERUN
kern_01749006003_prop_intel_dossier.md,Kern,Lien Risk Tier: LOW,Equity / Assessed-Value Indicator: HIGH (with disclaimer),Shared remediation: field was a pure equity-ratio proxy labeled as if a lien/title review had been performed,predictive_scorer.py (equity_signal logic),2026-08-08T12:00:00Z,PENDING_RERUN
kern_04337034000_prop_intel_dossier.md,Kern,"**APN**: 043-370-34-00-0 (mislabeled - this is the ATN, not the assessor parcel number)",**Source Identifier**: 043-370-34-00-0 (ATN) / **Assessor APN**: 043-370-34 (NOT_VERIFIED),DOSSIER_QA finding: ATN mislabeled as APN in 245/245 Kern dossiers - see property_model.py and monitor_runs/dossier_qa_report.md Section 1,kern/kern_enrich_docnum_verified.py; property_model.py:atn_to_assessor_parcel_number,2026-08-08T12:00:00Z,PENDING_RERUN
kern_04337034000_prop_intel_dossier.md,Kern,PRIORITY SIGNAL: GOING TO AUCTION in 37 days (2026-09-14 - 2026-09-16),PUBLIC-RECORD SIGNAL: Tax-default / Power-to-Sell public-record indicator; parcel-specific auction status not verified (county auction window ...,DOSSIER_QA finding: overclaimed parcel-specific auction-list confirmation against an unpublished live list - see monitor_runs/dossier_qa_report.md Section 2,report_builder.py (priority_signal_display logic); signal_priority.py,2026-08-08T12:00:00Z,PENDING_RERUN
kern_04337034000_prop_intel_dossier.md,Kern,Lien Risk Tier: LOW,Equity / Assessed-Value Indicator: HIGH (with disclaimer),Shared remediation: field was a pure equity-ratio proxy labeled as if a lien/title review had been performed,predictive_scorer.py (equity_signal logic),2026-08-08T12:00:00Z,PENDING_RERUN
kern_04607012000_prop_intel_dossier.md,Kern,"**APN**: 046-070-12-00-0 (mislabeled - this is the ATN, not the assessor parcel number)",**Source Identifier**: 046-070-12-00-0 (ATN) / **Assessor APN**: 046-070-12 (NOT_VERIFIED),DOSSIER_QA finding: ATN mislabeled as APN in 245/245 Kern dossiers - see property_model.py and monitor_runs/dossier_qa_report.md Section 1,kern/kern_enrich_docnum_verified.py; property_model.py:atn_to_assessor_parcel_number,2026-08-08T12:00:00Z,PENDING_RERUN
kern_04607012000_prop_intel_dossier.md,Kern,PRIORITY SIGNAL: GOING TO AUCTION in 37 days (2026-09-14 - 2026-09-16),PUBLIC-RECORD SIGNAL: Tax-default / Power-to-Sell public-record indicator; parcel-specific auction status not verified (county auction window ...,DOSSIER_QA finding: overclaimed parcel-specific auction-list confirmation against an unpublished live list - see monitor_runs/dossier_qa_report.md Section 2,report_builder.py (priority_signal_display logic); signal_priority.py,2026-08-08T12:00:00Z,PENDING_RERUN
kern_04607012000_prop_intel_dossier.md,Kern,Lien Risk Tier: HIGH,Equity / Assessed-Value Indicator: LOW (with disclaimer),Shared remediation: field was a pure equity-ratio proxy labeled as if a lien/title review had been performed,predictive_scorer.py (equity_signal logic),2026-08-08T12:00:00Z,PENDING_RERUN
kern_06437005009_prop_intel_dossier.md,Kern,"**APN**: 064-370-05-00-9 (mislabeled - this is the ATN, not the assessor parcel number)",**Source Identifier**: 064-370-05-00-9 (ATN) / **Assessor APN**: 064-370-05 (NOT_VERIFIED),DOSSIER_QA finding: ATN mislabeled as APN in 245/245 Kern dossiers - see property_model.py and monitor_runs/dossier_qa_report.md Section 1,kern/kern_enrich_docnum_verified.py; property_model.py:atn_to_assessor_parcel_number,2026-08-08T12:00:00Z,PENDING_RERUN
kern_06437005009_prop_intel_dossier.md,Kern,PRIORITY SIGNAL: GOING TO AUCTION in 37 days (2026-09-14 - 2026-09-16),PUBLIC-RECORD SIGNAL: Tax-default / Power-to-Sell public-record indicator; parcel-specific auction status not verified (county auction window ...,DOSSIER_QA finding: overclaimed parcel-specific auction-list confirmation against an unpublished live list - see monitor_runs/dossier_qa_report.md Section 2,report_builder.py (priority_signal_display logic); signal_priority.py,2026-08-08T12:00:00Z,PENDING_RERUN
kern_06437005009_prop_intel_dossier.md,Kern,Lien Risk Tier: LOW,Equity / Assessed-Value Indicator: HIGH (with disclaimer),Shared remediation: field was a pure equity-ratio proxy labeled as if a lien/title review had been performed,predictive_scorer.py (equity_signal logic),2026-08-08T12:00:00Z,PENDING_RERUN
kern_06437006002_prop_intel_dossier.md,Kern,"**APN**: 064-370-06-00-2 (mislabeled - this is the ATN, not the assessor parcel number)",**Source Identifier**: 064-370-06-00-2 (ATN) / **Assessor APN**: 064-370-06 (NOT_VERIFIED),DOSSIER_QA finding: ATN mislabeled as APN in 245/245 Kern dossiers - see property_model.py and monitor_runs/dossier_qa_report.md Section 1,kern/kern_enrich_docnum_verified.py; property_model.py:atn_to_assessor_parcel_number,2026-08-08T12:00:00Z,PENDING_RERUN
kern_06437006002_prop_intel_dossier.md,Kern,PRIORITY SIGNAL: GOING TO AUCTION in 37 days (2026-09-14 - 2026-09-16),PUBLIC-RECORD SIGNAL: Tax-default / Power-to-Sell public-record indicator; parcel-specific auction status not verified (county auction window ...,DOSSIER_QA finding: overclaimed parcel-specific auction-list confirmation against an unpublished live list - see monitor_runs/dossier_qa_report.md Section 2,report_builder.py (priority_signal_display logic); signal_priority.py,2026-08-08T12:00:00Z,PENDING_RERUN
kern_06437006002_prop_intel_dossier.md,Kern,Lien Risk Tier: LOW,Equity / Assessed-Value Indicator: HIGH (with disclaimer),Shared remediation: field was a pure equity-ratio proxy labeled as if a lien/title review had been performed,predictive_scorer.py (equity_signal logic),2026-08-08T12:00:00Z,PENDING_RERUN
kern_06905104014_prop_intel_dossier.md,Kern,"**APN**: 069-051-04-01-4 (mislabeled - this is the ATN, not the assessor parcel number)",**Source Identifier**: 069-051-04-01-4 (ATN) / **Assessor APN**: 069-051-04 (NOT_VERIFIED),DOSSIER_QA finding: ATN mislabeled as APN in 245/245 Kern dossiers - see property_model.py and monitor_runs/dossier_qa_report.md Section 1,kern/kern_enrich_docnum_verified.py; property_model.py:atn_to_assessor_parcel_number,2026-08-08T12:00:00Z,PENDING_RERUN
kern_06905104014_prop_intel_dossier.md,Kern,PRIORITY SIGNAL: GOING TO AUCTION in 37 days (2026-09-14 - 2026-09-16),PUBLIC-RECORD SIGNAL: Tax-default / Power-to-Sell public-record indicator; parcel-specific auction status not verified (county auction window ...,DOSSIER_QA finding: overclaimed parcel-specific auction-list confirmation against an unpublished live list - see monitor_runs/dossier_qa_report.md Section 2,report_builder.py (priority_signal_display logic); signal_priority.py,2026-08-08T12:00:00Z,PENDING_RERUN
kern_06905104014_prop_intel_dossier.md,Kern,Lien Risk Tier: LOW,Equity / Assessed-Value Indicator: HIGH (with disclaimer),Shared remediation: field was a pure equity-ratio proxy labeled as if a lien/title review had been performed,predictive_scorer.py (equity_signal logic),2026-08-08T12:00:00Z,PENDING_RERUN
kern_08204227003_prop_intel_dossier.md,Kern,"**APN**: 082-042-27-00-3 (mislabeled - this is the ATN, not the assessor parcel number)",**Source Identifier**: 082-042-27-00-3 (ATN) / **Assessor APN**: 082-042-27 (NOT_VERIFIED),DOSSIER_QA finding: ATN mislabeled as APN in 245/245 Kern dossiers - see property_model.py and monitor_runs/dossier_qa_report.md Section 1,kern/kern_enrich_docnum_verified.py; property_model.py:atn_to_assessor_parcel_number,2026-08-08T12:00:00Z,PENDING_RERUN
kern_08204227003_prop_intel_dossier.md,Kern,PRIORITY SIGNAL: GOING TO AUCTION in 37 days (2026-09-14 - 2026-09-16),PUBLIC-RECORD SIGNAL: Tax-default / Power-to-Sell public-record indicator; parcel-specific auction status not verified (county auction window ...,DOSSIER_QA finding: overclaimed parcel-specific auction-list confirmation against an unpublished live list - see monitor_runs/dossier_qa_report.md Section 2,report_builder.py (priority_signal_display logic); signal_priority.py,2026-08-08T12:00:00Z,PENDING_RERUN
kern_08204227003_prop_intel_dossier.md,Kern,Lien Risk Tier: LOW,Equity / Assessed-Value Indicator: HIGH (with disclaimer),Shared remediation: field was a pure equity-ratio proxy labeled as if a lien/title review had been performed,predictive_scorer.py (equity_signal logic),2026-08-08T12:00:00Z,PENDING_RERUN
kern_08204232007_prop_intel_dossier.md,Kern,"**APN**: 082-042-32-00-7 (mislabeled - this is the ATN, not the assessor parcel number)",**Source Identifier**: 082-042-32-00-7 (ATN) / **Assessor APN**: 082-042-32 (NOT_VERIFIED),DOSSIER_QA finding: ATN mislabeled as APN in 245/245 Kern dossiers - see property_model.py and monitor_runs/dossier_qa_report.md Section 1,kern/kern_enrich_docnum_verified.py; property_model.py:atn_to_assessor_parcel_number,2026-08-08T12:00:00Z,PENDING_RERUN
kern_08204232007_prop_intel_dossier.md,Kern,PRIORITY SIGNAL: GOING TO AUCTION in 37 days (2026-09-14 - 2026-09-16),PUBLIC-RECORD SIGNAL: Tax-default / Power-to-Sell public-record indicator; parcel-specific auction status not verified (county auction window ...,DOSSIER_QA finding: overclaimed parcel-specific auction-list confirmation against an unpublished live list - see monitor_runs/dossier_qa_report.md Section 2,report_builder.py (priority_signal_display logic); signal_priority.py,2026-08-08T12:00:00Z,PENDING_RERUN
kern_08204232007_prop_intel_dossier.md,Kern,Lien Risk Tier: LOW,Equity / Assessed-Value Indicator: HIGH (with disclaimer),Shared remediation: field was a pure equity-ratio proxy labeled as if a lien/title review had been performed,predictive_scorer.py (equity_signal logic),2026-08-08T12:00:00Z,PENDING_RERUN
kern_08204233000_prop_intel_dossier.md,Kern,"**APN**: 082-042-33-00-0 (mislabeled - this is the ATN, not the assessor parcel number)",**Source Identifier**: 082-042-33-00-0 (ATN) / **Assessor APN**: 082-042-33 (NOT_VERIFIED),DOSSIER_QA finding: ATN mislabeled as APN in 245/245 Kern dossiers - see property_model.py and monitor_runs/dossier_qa_report.md Section 1,kern/kern_enrich_docnum_verified.py; property_model.py:atn_to_assessor_parcel_number,2026-08-08T12:00:00Z,PENDING_RERUN
kern_08204233000_prop_intel_dossier.md,Kern,PRIORITY SIGNAL: GOING TO AUCTION in 37 days (2026-09-14 - 2026-09-16),PUBLIC-RECORD SIGNAL: Tax-default / Power-to-Sell public-record indicator; parcel-specific auction status not verified (county auction window ...,DOSSIER_QA finding: overclaimed parcel-specific auction-list confirmation against an unpublished live list - see monitor_runs/dossier_qa_report.md Section 2,report_builder.py (priority_signal_display logic); signal_priority.py,2026-08-08T12:00:00Z,PENDING_RERUN
kern_08204233000_prop_intel_dossier.md,Kern,Lien Risk Tier: LOW,Equity / Assessed-Value Indicator: HIGH (with disclaimer),Shared remediation: field was a pure equity-ratio proxy labeled as if a lien/title review had been performed,predictive_scorer.py (equity_signal logic),2026-08-08T12:00:00Z,PENDING_RERUN
kern_09927123003_prop_intel_dossier.md,Kern,"**APN**: 099-271-23-00-3 (mislabeled - this is the ATN, not the assessor parcel number)",**Source Identifier**: 099-271-23-00-3 (ATN) / **Assessor APN**: 099-271-23 (NOT_VERIFIED),DOSSIER_QA finding: ATN mislabeled as APN in 245/245 Kern dossiers - see property_model.py and monitor_runs/dossier_qa_report.md Section 1,kern/kern_enrich_docnum_verified.py; property_model.py:atn_to_assessor_parcel_number,2026-08-08T12:00:00Z,PENDING_RERUN
kern_09927123003_prop_intel_dossier.md,Kern,PRIORITY SIGNAL: GOING TO AUCTION in 37 days (2026-09-14 - 2026-09-16),PUBLIC-RECORD SIGNAL: Tax-default / Power-to-Sell public-record indicator; parcel-specific auction status not verified (county auction window ...,DOSSIER_QA finding: overclaimed parcel-specific auction-list confirmation against an unpublished live list - see monitor_runs/dossier_qa_report.md Section 2,report_builder.py (priority_signal_display logic); signal_priority.py,2026-08-08T12:00:00Z,PENDING_RERUN
kern_09927123003_prop_intel_dossier.md,Kern,Lien Risk Tier: HIGH,Equity / Assessed-Value Indicator: LOW (with disclaimer),Shared remediation: field was a pure equity-ratio proxy labeled as if a lien/title review had been performed,predictive_scorer.py (equity_signal logic),2026-08-08T12:00:00Z,PENDING_RERUN
kern_11304405008_prop_intel_dossier.md,Kern,"**APN**: 113-044-05-00-8 (mislabeled - this is the ATN, not the assessor parcel number)",**Source Identifier**: 113-044-05-00-8 (ATN) / **Assessor APN**: 113-044-05 (NOT_VERIFIED),DOSSIER_QA finding: ATN mislabeled as APN in 245/245 Kern dossiers - see property_model.py and monitor_runs/dossier_qa_report.md Section 1,kern/kern_enrich_docnum_verified.py; property_model.py:atn_to_assessor_parcel_number,2026-08-08T12:00:00Z,PENDING_RERUN
kern_11304405008_prop_intel_dossier.md,Kern,PRIORITY SIGNAL: GOING TO AUCTION in 37 days (2026-09-14 - 2026-09-16),PUBLIC-RECORD SIGNAL: Tax-default / Power-to-Sell public-record indicator; parcel-specific auction status not verified (county auction window ...,DOSSIER_QA finding: overclaimed parcel-specific auction-list confirmation against an unpublished live list - see monitor_runs/dossier_qa_report.md Section 2,report_builder.py (priority_signal_display logic); signal_priority.py,2026-08-08T12:00:00Z,PENDING_RERUN
kern_11304405008_prop_intel_dossier.md,Kern,Lien Risk Tier: HIGH,Equity / Assessed-Value Indicator: LOW (with disclaimer),Shared remediation: field was a pure equity-ratio proxy labeled as if a lien/title review had been performed,predictive_scorer.py (equity_signal logic),2026-08-08T12:00:00Z,PENDING_RERUN
kern_11320214006_prop_intel_dossier.md,Kern,"**APN**: 113-202-14-00-6 (mislabeled - this is the ATN, not the assessor parcel number)",**Source Identifier**: 113-202-14-00-6 (ATN) / **Assessor APN**: 113-202-14 (NOT_VERIFIED),DOSSIER_QA finding: ATN mislabeled as APN in 245/245 Kern dossiers - see property_model.py and monitor_runs/dossier_qa_report.md Section 1,kern/kern_enrich_docnum_verified.py; property_model.py:atn_to_assessor_parcel_number,2026-08-08T12:00:00Z,PENDING_RERUN
kern_11320214006_prop_intel_dossier.md,Kern,PRIORITY SIGNAL: GOING TO AUCTION in 37 days (2026-09-14 - 2026-09-16),PUBLIC-RECORD SIGNAL: Tax-default / Power-to-Sell public-record indicator; parcel-specific auction status not verified (county auction window ...,DOSSIER_QA finding: overclaimed parcel-specific auction-list confirmation against an unpublished live list - see monitor_runs/dossier_qa_report.md Section 2,report_builder.py (priority_signal_display logic); signal_priority.py,2026-08-08T12:00:00Z,PENDING_RERUN
kern_11320214006_prop_intel_dossier.md,Kern,Lien Risk Tier: HIGH,Equity / Assessed-Value Indicator: LOW (with disclaimer),Shared remediation: field was a pure equity-ratio proxy labeled as if a lien/title review had been performed,predictive_scorer.py (equity_signal logic),2026-08-08T12:00:00Z,PENDING_RERUN
kern_12304121006_prop_intel_dossier.md,Kern,"**APN**: 123-041-21-00-6 (mislabeled - this is the ATN, not the assessor parcel number)",**Source Identifier**: 123-041-21-00-6 (ATN) / **Assessor APN**: 123-041-21 (NOT_VERIFIED),DOSSIER_QA finding: ATN mislabeled as APN in 245/245 Kern dossiers - see property_model.py and monitor_runs/dossier_qa_report.md Section 1,kern/kern_enrich_docnum_verified.py; property_model.py:atn_to_assessor_parcel_number,2026-08-08T12:00:00Z,PENDING_RERUN
kern_12304121006_prop_intel_dossier.md,Kern,PRIORITY SIGNAL: GOING TO AUCTION in 37 days (2026-09-14 - 2026-09-16),PUBLIC-RECORD SIGNAL: Tax-default / Power-to-Sell public-record indicator; parcel-specific auction status not verified (county auction window ...,DOSSIER_QA finding: overclaimed parcel-specific auction-list confirmation against an unpublished live list - see monitor_runs/dossier_qa_report.md Section 2,report_builder.py (priority_signal_display logic); signal_priority.py,2026-08-08T12:00:00Z,PENDING_RERUN
kern_12304121006_prop_intel_dossier.md,Kern,Lien Risk Tier: LOW,Equity / Assessed-Value Indicator: HIGH (with disclaimer),Shared remediation: field was a pure equity-ratio proxy labeled as if a lien/title review had been performed,predictive_scorer.py (equity_signal logic),2026-08-08T12:00:00Z,PENDING_RERUN
kern_13934103006_prop_intel_dossier.md,Kern,"**APN**: 139-341-03-00-6 (mislabeled - this is the ATN, not the assessor parcel number)",**Source Identifier**: 139-341-03-00-6 (ATN) / **Assessor APN**: 139-341-03 (NOT_VERIFIED),DOSSIER_QA finding: ATN mislabeled as APN in 245/245 Kern dossiers - see property_model.py and monitor_runs/dossier_qa_report.md Section 1,kern/kern_enrich_docnum_verified.py; property_model.py:atn_to_assessor_parcel_number,2026-08-08T12:00:00Z,PENDING_RERUN
kern_13934103006_prop_intel_dossier.md,Kern,PRIORITY SIGNAL: GOING TO AUCTION in 37 days (2026-09-14 - 2026-09-16),PUBLIC-RECORD SIGNAL: Tax-default / Power-to-Sell public-record indicator; parcel-specific auction status not verified (county auction window ...,DOSSIER_QA finding: overclaimed parcel-specific auction-list confirmation against an unpublished live list - see monitor_runs/dossier_qa_report.md Section 2,report_builder.py (priority_signal_display logic); signal_priority.py,2026-08-08T12:00:00Z,PENDING_RERUN
kern_13934103006_prop_intel_dossier.md,Kern,Lien Risk Tier: HIGH,Equity / Assessed-Value Indicator: LOW (with disclaimer),Shared remediation: field was a pure equity-ratio proxy labeled as if a lien/title review had been performed,predictive_scorer.py (equity_signal logic),2026-08-08T12:00:00Z,PENDING_RERUN
kern_13939309003_prop_intel_dossier.md,Kern,"**APN**: 139-393-09-00-3 (mislabeled - this is the ATN, not the assessor parcel number)",**Source Identifier**: 139-393-09-00-3 (ATN) / **Assessor APN**: 139-393-09 (NOT_VERIFIED),DOSSIER_QA finding: ATN mislabeled as APN in 245/245 Kern dossiers - see property_model.py and monitor_runs/dossier_qa_report.md Section 1,kern/kern_enrich_docnum_verified.py; property_model.py:atn_to_assessor_parcel_number,2026-08-08T12:00:00Z,PENDING_RERUN
kern_13939309003_prop_intel_dossier.md,Kern,PRIORITY SIGNAL: GOING TO AUCTION in 37 days (2026-09-14 - 2026-09-16),PUBLIC-RECORD SIGNAL: Tax-default / Power-to-Sell public-record indicator; parcel-specific auction status not verified (county auction window ...,DOSSIER_QA finding: overclaimed parcel-specific auction-list confirmation against an unpublished live list - see monitor_runs/dossier_qa_report.md Section 2,report_builder.py (priority_signal_display logic); signal_priority.py,2026-08-08T12:00:00Z,PENDING_RERUN
kern_13939309003_prop_intel_dossier.md,Kern,Lien Risk Tier: HIGH,Equity / Assessed-Value Indicator: LOW (with disclaimer),Shared remediation: field was a pure equity-ratio proxy labeled as if a lien/title review had been performed,predictive_scorer.py (equity_signal logic),2026-08-08T12:00:00Z,PENDING_RERUN
kern_15425043000_prop_intel_dossier.md,Kern,"**APN**: 154-250-43-00-0 (mislabeled - this is the ATN, not the assessor parcel number)",**Source Identifier**: 154-250-43-00-0 (ATN) / **Assessor APN**: 154-250-43 (NOT_VERIFIED),DOSSIER_QA finding: ATN mislabeled as APN in 245/245 Kern dossiers - see property_model.py and monitor_runs/dossier_qa_report.md Section 1,kern/kern_enrich_docnum_verified.py; property_model.py:atn_to_assessor_parcel_number,2026-08-08T12:00:00Z,PENDING_RERUN
kern_15425043000_prop_intel_dossier.md,Kern,PRIORITY SIGNAL: GOING TO AUCTION in 37 days (2026-09-14 - 2026-09-16),PUBLIC-RECORD SIGNAL: Tax-default / Power-to-Sell public-record indicator; parcel-specific auction status not verified (county auction window ...,DOSSIER_QA finding: overclaimed parcel-specific auction-list confirmation against an unpublished live list - see monitor_runs/dossier_qa_report.md Section 2,report_builder.py (priority_signal_display logic); signal_priority.py,2026-08-08T12:00:00Z,PENDING_RERUN
kern_15425043000_prop_intel_dossier.md,Kern,Lien Risk Tier: LOW,Equity / Assessed-Value Indicator: HIGH (with disclaimer),Shared remediation: field was a pure equity-ratio proxy labeled as if a lien/title review had been performed,predictive_scorer.py (equity_signal logic),2026-08-08T12:00:00Z,PENDING_RERUN
kern_18139002000_prop_intel_dossier.md,Kern,"**APN**: 181-390-02-00-0 (mislabeled - this is the ATN, not the assessor parcel number)",**Source Identifier**: 181-390-02-00-0 (ATN) / **Assessor APN**: 181-390-02 (NOT_VERIFIED),DOSSIER_QA finding: ATN mislabeled as APN in 245/245 Kern dossiers - see property_model.py and monitor_runs/dossier_qa_report.md Section 1,kern/kern_enrich_docnum_verified.py; property_model.py:atn_to_assessor_parcel_number,2026-08-08T12:00:00Z,PENDING_RERUN
kern_18139002000_prop_intel_dossier.md,Kern,PRIORITY SIGNAL: GOING TO AUCTION in 37 days (2026-09-14 - 2026-09-16),PUBLIC-RECORD SIGNAL: Tax-default / Power-to-Sell public-record indicator; parcel-specific auction status not verified (county auction window ...,DOSSIER_QA finding: overclaimed parcel-specific auction-list confirmation against an unpublished live list - see monitor_runs/dossier_qa_report.md Section 2,report_builder.py (priority_signal_display logic); signal_priority.py,2026-08-08T12:00:00Z,PENDING_RERUN
kern_18139002000_prop_intel_dossier.md,Kern,Lien Risk Tier: LOW,Equity / Assessed-Value Indicator: HIGH (with disclaimer),Shared remediation: field was a pure equity-ratio proxy labeled as if a lien/title review had been performed,predictive_scorer.py (equity_signal logic),2026-08-08T12:00:00Z,PENDING_RERUN
kern_19826528005_prop_intel_dossier.md,Kern,"**APN**: 198-265-28-00-5 (mislabeled - this is the ATN, not the assessor parcel number)",**Source Identifier**: 198-265-28-00-5 (ATN) / **Assessor APN**: 198-265-28 (NOT_VERIFIED),DOSSIER_QA finding: ATN mislabeled as APN in 245/245 Kern dossiers - see property_model.py and monitor_runs/dossier_qa_report.md Section 1,kern/kern_enrich_docnum_verified.py; property_model.py:atn_to_assessor_parcel_number,2026-08-08T12:00:00Z,PENDING_RERUN
kern_19826528005_prop_intel_dossier.md,Kern,PRIORITY SIGNAL: GOING TO AUCTION in 37 days (2026-09-14 - 2026-09-16),PUBLIC-RECORD SIGNAL: Tax-default / Power-to-Sell public-record indicator; parcel-specific auction status not verified (county auction window ...,DOSSIER_QA finding: overclaimed parcel-specific auction-list confirmation against an unpublished live list - see monitor_runs/dossier_qa_report.md Section 2,report_builder.py (priority_signal_display logic); signal_priority.py,2026-08-08T12:00:00Z,PENDING_RERUN
kern_19826528005_prop_intel_dossier.md,Kern,Lien Risk Tier: LOW,Equity / Assessed-Value Indicator: HIGH (with disclaimer),Shared remediation: field was a pure equity-ratio proxy labeled as if a lien/title review had been performed,predictive_scorer.py (equity_signal logic),2026-08-08T12:00:00Z,PENDING_RERUN
kern_19826529008_prop_intel_dossier.md,Kern,"**APN**: 198-265-29-00-8 (mislabeled - this is the ATN, not the assessor parcel number)",**Source Identifier**: 198-265-29-00-8 (ATN) / **Assessor APN**: 198-265-29 (NOT_VERIFIED),DOSSIER_QA finding: ATN mislabeled as APN in 245/245 Kern dossiers - see property_model.py and monitor_runs/dossier_qa_report.md Section 1,kern/kern_enrich_docnum_verified.py; property_model.py:atn_to_assessor_parcel_number,2026-08-08T12:00:00Z,PENDING_RERUN
kern_19826529008_prop_intel_dossier.md,Kern,PRIORITY SIGNAL: GOING TO AUCTION in 37 days (2026-09-14 - 2026-09-16),PUBLIC-RECORD SIGNAL: Tax-default / Power-to-Sell public-record indicator; parcel-specific auction status not verified (county auction window ...,DOSSIER_QA finding: overclaimed parcel-specific auction-list confirmation against an unpublished live list - see monitor_runs/dossier_qa_report.md Section 2,report_builder.py (priority_signal_display logic); signal_priority.py,2026-08-08T12:00:00Z,PENDING_RERUN
kern_19826529008_prop_intel_dossier.md,Kern,Lien Risk Tier: HIGH,Equity / Assessed-Value Indicator: LOW (with disclaimer),Shared remediation: field was a pure equity-ratio proxy labeled as if a lien/title review had been performed,predictive_scorer.py (equity_signal logic),2026-08-08T12:00:00Z,PENDING_RERUN
kern_20327115009_prop_intel_dossier.md,Kern,"**APN**: 203-271-15-00-9 (mislabeled - this is the ATN, not the assessor parcel number)",**Source Identifier**: 203-271-15-00-9 (ATN) / **Assessor APN**: 203-271-15 (NOT_VERIFIED),DOSSIER_QA finding: ATN mislabeled as APN in 245/245 Kern dossiers - see property_model.py and monitor_runs/dossier_qa_report.md Section 1,kern/kern_enrich_docnum_verified.py; property_model.py:atn_to_assessor_parcel_number,2026-08-08T12:00:00Z,PENDING_RERUN
kern_20327115009_prop_intel_dossier.md,Kern,PRIORITY SIGNAL: GOING TO AUCTION in 37 days (2026-09-14 - 2026-09-16),PUBLIC-RECORD SIGNAL: Tax-default / Power-to-Sell public-record indicator; parcel-specific auction status not verified (county auction window ...,DOSSIER_QA finding: overclaimed parcel-specific auction-list confirmation against an unpublished live list - see monitor_runs/dossier_qa_report.md Section 2,report_builder.py (priority_signal_display logic); signal_priority.py,2026-08-08T12:00:00Z,PENDING_RERUN
kern_20327115009_prop_intel_dossier.md,Kern,Lien Risk Tier: HIGH,Equity / Assessed-Value Indicator: LOW (with disclaimer),Shared remediation: field was a pure equity-ratio proxy labeled as if a lien/title review had been performed,predictive_scorer.py (equity_signal logic),2026-08-08T12:00:00Z,PENDING_RERUN
kern_20409104002_prop_intel_dossier.md,Kern,"**APN**: 204-091-04-00-2 (mislabeled - this is the ATN, not the assessor parcel number)",**Source Identifier**: 204-091-04-00-2 (ATN) / **Assessor APN**: 204-091-04 (NOT_VERIFIED),DOSSIER_QA finding: ATN mislabeled as APN in 245/245 Kern dossiers - see property_model.py and monitor_runs/dossier_qa_report.md Section 1,kern/kern_enrich_docnum_verified.py; property_model.py:atn_to_assessor_parcel_number,2026-08-08T12:00:00Z,PENDING_RERUN
kern_20409104002_prop_intel_dossier.md,Kern,PRIORITY SIGNAL: GOING TO AUCTION in 37 days (2026-09-14 - 2026-09-16),PUBLIC-RECORD SIGNAL: Tax-default / Power-to-Sell public-record indicator; parcel-specific auction status not verified (county auction window ...,DOSSIER_QA finding: overclaimed parcel-specific auction-list confirmation against an unpublished live list - see monitor_runs/dossier_qa_report.md Section 2,report_builder.py (priority_signal_display logic); signal_priority.py,2026-08-08T12:00:00Z,PENDING_RERUN
kern_20409104002_prop_intel_dossier.md,Kern,Lien Risk Tier: HIGH,Equity / Assessed-Value Indicator: LOW (with disclaimer),Shared remediation: field was a pure equity-ratio proxy labeled as if a lien/title review had been performed,predictive_scorer.py (equity_signal logic),2026-08-08T12:00:00Z,PENDING_RERUN
kern_20413408006_prop_intel_dossier.md,Kern,"**APN**: 204-134-08-00-6 (mislabeled - this is the ATN, not the assessor parcel number)",**Source Identifier**: 204-134-08-00-6 (ATN) / **Assessor APN**: 204-134-08 (NOT_VERIFIED),DOSSIER_QA finding: ATN mislabeled as APN in 245/245 Kern dossiers - see property_model.py and monitor_runs/dossier_qa_report.md Section 1,kern/kern_enrich_docnum_verified.py; property_model.py:atn_to_assessor_parcel_number,2026-08-08T12:00:00Z,PENDING_RERUN
kern_20413408006_prop_intel_dossier.md,Kern,PRIORITY SIGNAL: GOING TO AUCTION in 37 days (2026-09-14 - 2026-09-16),PUBLIC-RECORD SIGNAL: Tax-default / Power-to-Sell public-record indicator; parcel-specific auction status not verified (county auction window ...,DOSSIER_QA finding: overclaimed parcel-specific auction-list confirmation against an unpublished live list - see monitor_runs/dossier_qa_report.md Section 2,report_builder.py (priority_signal_display logic); signal_priority.py,2026-08-08T12:00:00Z,PENDING_RERUN
kern_20413408006_prop_intel_dossier.md,Kern,Lien Risk Tier: HIGH,Equity / Assessed-Value Indicator: LOW (with disclaimer),Shared remediation: field was a pure equity-ratio proxy labeled as if a lien/title review had been performed,predictive_scorer.py (equity_signal logic),2026-08-08T12:00:00Z,PENDING_RERUN
kern_20418122000_prop_intel_dossier.md,Kern,"**APN**: 204-181-22-00-0 (mislabeled - this is the ATN, not the assessor parcel number)",**Source Identifier**: 204-181-22-00-0 (ATN) / **Assessor APN**: 204-181-22 (NOT_VERIFIED),DOSSIER_QA finding: ATN mislabeled as APN in 245/245 Kern dossiers - see property_model.py and monitor_runs/dossier_qa_report.md Section 1,kern/kern_enrich_docnum_verified.py; property_model.py:atn_to_assessor_parcel_number,2026-08-08T12:00:00Z,PENDING_RERUN
kern_20418122000_prop_intel_dossier.md,Kern,PRIORITY SIGNAL: GOING TO AUCTION in 37 days (2026-09-14 - 2026-09-16),PUBLIC-RECORD SIGNAL: Tax-default / Power-to-Sell public-record indicator; parcel-specific auction status not verified (county auction window ...,DOSSIER_QA finding: overclaimed parcel-specific auction-list confirmation against an unpublished live list - see monitor_runs/dossier_qa_report.md Section 2,report_builder.py (priority_signal_display logic); signal_priority.py,2026-08-08T12:00:00Z,PENDING_RERUN
kern_20418122000_prop_intel_dossier.md,Kern,Lien Risk Tier: HIGH,Equity / Assessed-Value Indicator: LOW (with disclaimer),Shared remediation: field was a pure equity-ratio proxy labeled as if a lien/title review had been performed,predictive_scorer.py (equity_signal logic),2026-08-08T12:00:00Z,PENDING_RERUN
kern_20422203003_prop_intel_dossier.md,Kern,"**APN**: 204-222-03-00-3 (mislabeled - this is the ATN, not the assessor parcel number)",**Source Identifier**: 204-222-03-00-3 (ATN) / **Assessor APN**: 204-222-03 (NOT_VERIFIED),DOSSIER_QA finding: ATN mislabeled as APN in 245/245 Kern dossiers - see property_model.py and monitor_runs/dossier_qa_report.md Section 1,kern/kern_enrich_docnum_verified.py; property_model.py:atn_to_assessor_parcel_number,2026-08-08T12:00:00Z,PENDING_RERUN
kern_20422203003_prop_intel_dossier.md,Kern,PRIORITY SIGNAL: GOING TO AUCTION in 37 days (2026-09-14 - 2026-09-16),PUBLIC-RECORD SIGNAL: Tax-default / Power-to-Sell public-record indicator; parcel-specific auction status not verified (county auction window ...,DOSSIER_QA finding: overclaimed parcel-specific auction-list confirmation against an unpublished live list - see monitor_runs/dossier_qa_report.md Section 2,report_builder.py (priority_signal_display logic); signal_priority.py,2026-08-08T12:00:00Z,PENDING_RERUN
kern_20422203003_prop_intel_dossier.md,Kern,Lien Risk Tier: HIGH,Equity / Assessed-Value Indicator: LOW (with disclaimer),Shared remediation: field was a pure equity-ratio proxy labeled as if a lien/title review had been performed,predictive_scorer.py (equity_signal logic),2026-08-08T12:00:00Z,PENDING_RERUN
kern_20428315003_prop_intel_dossier.md,Kern,"**APN**: 204-283-15-00-3 (mislabeled - this is the ATN, not the assessor parcel number)",**Source Identifier**: 204-283-15-00-3 (ATN) / **Assessor APN**: 204-283-15 (NOT_VERIFIED),DOSSIER_QA finding: ATN mislabeled as APN in 245/245 Kern dossiers - see property_model.py and monitor_runs/dossier_qa_report.md Section 1,kern/kern_enrich_docnum_verified.py; property_model.py:atn_to_assessor_parcel_number,2026-08-08T12:00:00Z,PENDING_RERUN
kern_20428315003_prop_intel_dossier.md,Kern,PRIORITY SIGNAL: GOING TO AUCTION in 37 days (2026-09-14 - 2026-09-16),PUBLIC-RECORD SIGNAL: Tax-default / Power-to-Sell public-record indicator; parcel-specific auction status not verified (county auction window ...,DOSSIER_QA finding: overclaimed parcel-specific auction-list confirmation against an unpublished live list - see monitor_runs/dossier_qa_report.md Section 2,report_builder.py (priority_signal_display logic); signal_priority.py,2026-08-08T12:00:00Z,PENDING_RERUN
kern_20428315003_prop_intel_dossier.md,Kern,Lien Risk Tier: MEDIUM,Equity / Assessed-Value Indicator: MEDIUM (with disclaimer),Shared remediation: field was a pure equity-ratio proxy labeled as if a lien/title review had been performed,predictive_scorer.py (equity_signal logic),2026-08-08T12:00:00Z,PENDING_RERUN
kern_20429117008_prop_intel_dossier.md,Kern,"**APN**: 204-291-17-00-8 (mislabeled - this is the ATN, not the assessor parcel number)",**Source Identifier**: 204-291-17-00-8 (ATN) / **Assessor APN**: 204-291-17 (NOT_VERIFIED),DOSSIER_QA finding: ATN mislabeled as APN in 245/245 Kern dossiers - see property_model.py and monitor_runs/dossier_qa_report.md Section 1,kern/kern_enrich_docnum_verified.py; property_model.py:atn_to_assessor_parcel_number,2026-08-08T12:00:00Z,PENDING_RERUN
kern_20429117008_prop_intel_dossier.md,Kern,PRIORITY SIGNAL: GOING TO AUCTION in 37 days (2026-09-14 - 2026-09-16),PUBLIC-RECORD SIGNAL: Tax-default / Power-to-Sell public-record indicator; parcel-specific auction status not verified (county auction window ...,DOSSIER_QA finding: overclaimed parcel-specific auction-list confirmation against an unpublished live list - see monitor_runs/dossier_qa_report.md Section 2,report_builder.py (priority_signal_display logic); signal_priority.py,2026-08-08T12:00:00Z,PENDING_RERUN
kern_20429117008_prop_intel_dossier.md,Kern,Lien Risk Tier: MEDIUM,Equity / Assessed-Value Indicator: MEDIUM (with disclaimer),Shared remediation: field was a pure equity-ratio proxy labeled as if a lien/title review had been performed,predictive_scorer.py (equity_signal logic),2026-08-08T12:00:00Z,PENDING_RERUN
kern_20430502004_prop_intel_dossier.md,Kern,"**APN**: 204-305-02-00-4 (mislabeled - this is the ATN, not the assessor parcel number)",**Source Identifier**: 204-305-02-00-4 (ATN) / **Assessor APN**: 204-305-02 (NOT_VERIFIED),DOSSIER_QA finding: ATN mislabeled as APN in 245/245 Kern dossiers - see property_model.py and monitor_runs/dossier_qa_report.md Section 1,kern/kern_enrich_docnum_verified.py; property_model.py:atn_to_assessor_parcel_number,2026-08-08T12:00:00Z,PENDING_RERUN
kern_20430502004_prop_intel_dossier.md,Kern,PRIORITY SIGNAL: GOING TO AUCTION in 37 days (2026-09-14 - 2026-09-16),PUBLIC-RECORD SIGNAL: Tax-default / Power-to-Sell public-record indicator; parcel-specific auction status not verified (county auction window ...,DOSSIER_QA finding: overclaimed parcel-specific auction-list confirmation against an unpublished live list - see monitor_runs/dossier_qa_report.md Section 2,report_builder.py (priority_signal_display logic); signal_priority.py,2026-08-08T12:00:00Z,PENDING_RERUN
kern_20430502004_prop_intel_dossier.md,Kern,Lien Risk Tier: MEDIUM,Equity / Assessed-Value Indicator: MEDIUM (with disclaimer),Shared remediation: field was a pure equity-ratio proxy labeled as if a lien/title review had been performed,predictive_scorer.py (equity_signal logic),2026-08-08T12:00:00Z,PENDING_RERUN
kern_20431310006_prop_intel_dossier.md,Kern,"**APN**: 204-313-10-00-6 (mislabeled - this is the ATN, not the assessor parcel number)",**Source Identifier**: 204-313-10-00-6 (ATN) / **Assessor APN**: 204-313-10 (NOT_VERIFIED),DOSSIER_QA finding: ATN mislabeled as APN in 245/245 Kern dossiers - see property_model.py and monitor_runs/dossier_qa_report.md Section 1,kern/kern_enrich_docnum_verified.py; property_model.py:atn_to_assessor_parcel_number,2026-08-08T12:00:00Z,PENDING_RERUN
kern_20431310006_prop_intel_dossier.md,Kern,PRIORITY SIGNAL: GOING TO AUCTION in 37 days (2026-09-14 - 2026-09-16),PUBLIC-RECORD SIGNAL: Tax-default / Power-to-Sell public-record indicator; parcel-specific auction status not verified (county auction window ...,DOSSIER_QA finding: overclaimed parcel-specific auction-list confirmation against an unpublished live list - see monitor_runs/dossier_qa_report.md Section 2,report_builder.py (priority_signal_display logic); signal_priority.py,2026-08-08T12:00:00Z,PENDING_RERUN
kern_20431310006_prop_intel_dossier.md,Kern,Lien Risk Tier: HIGH,Equity / Assessed-Value Indicator: LOW (with disclaimer),Shared remediation: field was a pure equity-ratio proxy labeled as if a lien/title review had been performed,predictive_scorer.py (equity_signal logic),2026-08-08T12:00:00Z,PENDING_RERUN
kern_20431311009_prop_intel_dossier.md,Kern,"**APN**: 204-313-11-00-9 (mislabeled - this is the ATN, not the assessor parcel number)",**Source Identifier**: 204-313-11-00-9 (ATN) / **Assessor APN**: 204-313-11 (NOT_VERIFIED),DOSSIER_QA finding: ATN mislabeled as APN in 245/245 Kern dossiers - see property_model.py and monitor_runs/dossier_qa_report.md Section 1,kern/kern_enrich_docnum_verified.py; property_model.py:atn_to_assessor_parcel_number,2026-08-08T12:00:00Z,PENDING_RERUN
kern_20431311009_prop_intel_dossier.md,Kern,PRIORITY SIGNAL: GOING TO AUCTION in 37 days (2026-09-14 - 2026-09-16),PUBLIC-RECORD SIGNAL: Tax-default / Power-to-Sell public-record indicator; parcel-specific auction status not verified (county auction window ...,DOSSIER_QA finding: overclaimed parcel-specific auction-list confirmation against an unpublished live list - see monitor_runs/dossier_qa_report.md Section 2,report_builder.py (priority_signal_display logic); signal_priority.py,2026-08-08T12:00:00Z,PENDING_RERUN
kern_20431311009_prop_intel_dossier.md,Kern,Lien Risk Tier: HIGH,Equity / Assessed-Value Indicator: LOW (with disclaimer),Shared remediation: field was a pure equity-ratio proxy labeled as if a lien/title review had been performed,predictive_scorer.py (equity_signal logic),2026-08-08T12:00:00Z,PENDING_RERUN
kern_20431322001_prop_intel_dossier.md,Kern,"**APN**: 204-313-22-00-1 (mislabeled - this is the ATN, not the assessor parcel number)",**Source Identifier**: 204-313-22-00-1 (ATN) / **Assessor APN**: 204-313-22 (NOT_VERIFIED),DOSSIER_QA finding: ATN mislabeled as APN in 245/245 Kern dossiers - see property_model.py and monitor_runs/dossier_qa_report.md Section 1,kern/kern_enrich_docnum_verified.py; property_model.py:atn_to_assessor_parcel_number,2026-08-08T12:00:00Z,PENDING_RERUN
kern_20431322001_prop_intel_dossier.md,Kern,PRIORITY SIGNAL: GOING TO AUCTION in 37 days (2026-09-14 - 2026-09-16),PUBLIC-RECORD SIGNAL: Tax-default / Power-to-Sell public-record indicator; parcel-specific auction status not verified (county auction window ...,DOSSIER_QA finding: overclaimed parcel-specific auction-list confirmation against an unpublished live list - see monitor_runs/dossier_qa_report.md Section 2,report_builder.py (priority_signal_display logic); signal_priority.py,2026-08-08T12:00:00Z,PENDING_RERUN
kern_20431322001_prop_intel_dossier.md,Kern,Lien Risk Tier: HIGH,Equity / Assessed-Value Indicator: LOW (with disclaimer),Shared remediation: field was a pure equity-ratio proxy labeled as if a lien/title review had been performed,predictive_scorer.py (equity_signal logic),2026-08-08T12:00:00Z,PENDING_RERUN
kern_20434409000_prop_intel_dossier.md,Kern,"**APN**: 204-344-09-00-0 (mislabeled - this is the ATN, not the assessor parcel number)",**Source Identifier**: 204-344-09-00-0 (ATN) / **Assessor APN**: 204-344-09 (NOT_VERIFIED),DOSSIER_QA finding: ATN mislabeled as APN in 245/245 Kern dossiers - see property_model.py and monitor_runs/dossier_qa_report.md Section 1,kern/kern_enrich_docnum_verified.py; property_model.py:atn_to_assessor_parcel_number,2026-08-08T12:00:00Z,PENDING_RERUN
kern_20434409000_prop_intel_dossier.md,Kern,PRIORITY SIGNAL: GOING TO AUCTION in 37 days (2026-09-14 - 2026-09-16),PUBLIC-RECORD SIGNAL: Tax-default / Power-to-Sell public-record indicator; parcel-specific auction status not verified (county auction window ...,DOSSIER_QA finding: overclaimed parcel-specific auction-list confirmation against an unpublished live list - see monitor_runs/dossier_qa_report.md Section 2,report_builder.py (priority_signal_display logic); signal_priority.py,2026-08-08T12:00:00Z,PENDING_RERUN
kern_20434409000_prop_intel_dossier.md,Kern,Lien Risk Tier: HIGH,Equity / Assessed-Value Indicator: LOW (with disclaimer),Shared remediation: field was a pure equity-ratio proxy labeled as if a lien/title review had been performed,predictive_scorer.py (equity_signal logic),2026-08-08T12:00:00Z,PENDING_RERUN
kern_20434410002_prop_intel_dossier.md,Kern,"**APN**: 204-344-10-00-2 (mislabeled - this is the ATN, not the assessor parcel number)",**Source Identifier**: 204-344-10-00-2 (ATN) / **Assessor APN**: 204-344-10 (NOT_VERIFIED),DOSSIER_QA finding: ATN mislabeled as APN in 245/245 Kern dossiers - see property_model.py and monitor_runs/dossier_qa_report.md Section 1,kern/kern_enrich_docnum_verified.py; property_model.py:atn_to_assessor_parcel_number,2026-08-08T12:00:00Z,PENDING_RERUN
kern_20434410002_prop_intel_dossier.md,Kern,PRIORITY SIGNAL: GOING TO AUCTION in 37 days (2026-09-14 - 2026-09-16),PUBLIC-RECORD SIGNAL: Tax-default / Power-to-Sell public-record indicator; parcel-specific auction status not verified (county auction window ...,DOSSIER_QA finding: overclaimed parcel-specific auction-list confirmation against an unpublished live list - see monitor_runs/dossier_qa_report.md Section 2,report_builder.py (priority_signal_display logic); signal_priority.py,2026-08-08T12:00:00Z,PENDING_RERUN
kern_20434410002_prop_intel_dossier.md,Kern,Lien Risk Tier: HIGH,Equity / Assessed-Value Indicator: LOW (with disclaimer),Shared remediation: field was a pure equity-ratio proxy labeled as if a lien/title review had been performed,predictive_scorer.py (equity_signal logic),2026-08-08T12:00:00Z,PENDING_RERUN
kern_20434416000_prop_intel_dossier.md,Kern,"**APN**: 204-344-16-00-0 (mislabeled - this is the ATN, not the assessor parcel number)",**Source Identifier**: 204-344-16-00-0 (ATN) / **Assessor APN**: 204-344-16 (NOT_VERIFIED),DOSSIER_QA finding: ATN mislabeled as APN in 245/245 Kern dossiers - see property_model.py and monitor_runs/dossier_qa_report.md Section 1,kern/kern_enrich_docnum_verified.py; property_model.py:atn_to_assessor_parcel_number,2026-08-08T12:00:00Z,PENDING_RERUN
kern_20434416000_prop_intel_dossier.md,Kern,PRIORITY SIGNAL: GOING TO AUCTION in 37 days (2026-09-14 - 2026-09-16),PUBLIC-RECORD SIGNAL: Tax-default / Power-to-Sell public-record indicator; parcel-specific auction status not verified (county auction window ...,DOSSIER_QA finding: overclaimed parcel-specific auction-list confirmation against an unpublished live list - see monitor_runs/dossier_qa_report.md Section 2,report_builder.py (priority_signal_display logic); signal_priority.py,2026-08-08T12:00:00Z,PENDING_RERUN
kern_20434416000_prop_intel_dossier.md,Kern,Lien Risk Tier: HIGH,Equity / Assessed-Value Indicator: LOW (with disclaimer),Shared remediation: field was a pure equity-ratio proxy labeled as if a lien/title review had been performed,predictive_scorer.py (equity_signal logic),2026-08-08T12:00:00Z,PENDING_RERUN
kern_20435320007_prop_intel_dossier.md,Kern,"**APN**: 204-353-20-00-7 (mislabeled - this is the ATN, not the assessor parcel number)",**Source Identifier**: 204-353-20-00-7 (ATN) / **Assessor APN**: 204-353-20 (NOT_VERIFIED),DOSSIER_QA finding: ATN mislabeled as APN in 245/245 Kern dossiers - see property_model.py and monitor_runs/dossier_qa_report.md Section 1,kern/kern_enrich_docnum_verified.py; property_model.py:atn_to_assessor_parcel_number,2026-08-08T12:00:00Z,PENDING_RERUN
kern_20435320007_prop_intel_dossier.md,Kern,PRIORITY SIGNAL: GOING TO AUCTION in 37 days (2026-09-14 - 2026-09-16),PUBLIC-RECORD SIGNAL: Tax-default / Power-to-Sell public-record indicator; parcel-specific auction status not verified (county auction window ...,DOSSIER_QA finding: overclaimed parcel-specific auction-list confirmation against an unpublished live list - see monitor_runs/dossier_qa_report.md Section 2,report_builder.py (priority_signal_display logic); signal_priority.py,2026-08-08T12:00:00Z,PENDING_RERUN
kern_20435320007_prop_intel_dossier.md,Kern,Lien Risk Tier: MEDIUM,Equity / Assessed-Value Indicator: MEDIUM (with disclaimer),Shared remediation: field was a pure equity-ratio proxy labeled as if a lien/title review had been performed,predictive_scorer.py (equity_signal logic),2026-08-08T12:00:00Z,PENDING_RERUN
kern_20436115002_prop_intel_dossier.md,Kern,"**APN**: 204-361-15-00-2 (mislabeled - this is the ATN, not the assessor parcel number)",**Source Identifier**: 204-361-15-00-2 (ATN) / **Assessor APN**: 204-361-15 (NOT_VERIFIED),DOSSIER_QA finding: ATN mislabeled as APN in 245/245 Kern dossiers - see property_model.py and monitor_runs/dossier_qa_report.md Section 1,kern/kern_enrich_docnum_verified.py; property_model.py:atn_to_assessor_parcel_number,2026-08-08T12:00:00Z,PENDING_RERUN
kern_20436115002_prop_intel_dossier.md,Kern,PRIORITY SIGNAL: GOING TO AUCTION in 37 days (2026-09-14 - 2026-09-16),PUBLIC-RECORD SIGNAL: Tax-default / Power-to-Sell public-record indicator; parcel-specific auction status not verified (county auction window ...,DOSSIER_QA finding: overclaimed parcel-specific auction-list confirmation against an unpublished live list - see monitor_runs/dossier_qa_report.md Section 2,report_builder.py (priority_signal_display logic); signal_priority.py,2026-08-08T12:00:00Z,PENDING_RERUN
kern_20436115002_prop_intel_dossier.md,Kern,Lien Risk Tier: HIGH,Equity / Assessed-Value Indicator: LOW (with disclaimer),Shared remediation: field was a pure equity-ratio proxy labeled as if a lien/title review had been performed,predictive_scorer.py (equity_signal logic),2026-08-08T12:00:00Z,PENDING_RERUN
kern_20707309006_prop_intel_dossier.md,Kern,"**APN**: 207-073-09-00-6 (mislabeled - this is the ATN, not the assessor parcel number)",**Source Identifier**: 207-073-09-00-6 (ATN) / **Assessor APN**: 207-073-09 (NOT_VERIFIED),DOSSIER_QA finding: ATN mislabeled as APN in 245/245 Kern dossiers - see property_model.py and monitor_runs/dossier_qa_report.md Section 1,kern/kern_enrich_docnum_verified.py; property_model.py:atn_to_assessor_parcel_number,2026-08-08T12:00:00Z,PENDING_RERUN
kern_20707309006_prop_intel_dossier.md,Kern,PRIORITY SIGNAL: GOING TO AUCTION in 37 days (2026-09-14 - 2026-09-16),PUBLIC-RECORD SIGNAL: Tax-default / Power-to-Sell public-record indicator; parcel-specific auction status not verified (county auction window ...,DOSSIER_QA finding: overclaimed parcel-specific auction-list confirmation against an unpublished live list - see monitor_runs/dossier_qa_report.md Section 2,report_builder.py (priority_signal_display logic); signal_priority.py,2026-08-08T12:00:00Z,PENDING_RERUN
kern_20707309006_prop_intel_dossier.md,Kern,Lien Risk Tier: HIGH,Equity / Assessed-Value Indicator: LOW (with disclaimer),Shared remediation: field was a pure equity-ratio proxy labeled as if a lien/title review had been performed,predictive_scorer.py (equity_signal logic),2026-08-08T12:00:00Z,PENDING_RERUN
kern_20709212003_prop_intel_dossier.md,Kern,"**APN**: 207-092-12-00-3 (mislabeled - this is the ATN, not the assessor parcel number)",**Source Identifier**: 207-092-12-00-3 (ATN) / **Assessor APN**: 207-092-12 (NOT_VERIFIED),DOSSIER_QA finding: ATN mislabeled as APN in 245/245 Kern dossiers - see property_model.py and monitor_runs/dossier_qa_report.md Section 1,kern/kern_enrich_docnum_verified.py; property_model.py:atn_to_assessor_parcel_number,2026-08-08T12:00:00Z,PENDING_RERUN
kern_20709212003_prop_intel_dossier.md,Kern,PRIORITY SIGNAL: GOING TO AUCTION in 37 days (2026-09-14 - 2026-09-16),PUBLIC-RECORD SIGNAL: Tax-default / Power-to-Sell public-record indicator; parcel-specific auction status not verified (county auction window ...,DOSSIER_QA finding: overclaimed parcel-specific auction-list confirmation against an unpublished live list - see monitor_runs/dossier_qa_report.md Section 2,report_builder.py (priority_signal_display logic); signal_priority.py,2026-08-08T12:00:00Z,PENDING_RERUN
kern_20709212003_prop_intel_dossier.md,Kern,Lien Risk Tier: HIGH,Equity / Assessed-Value Indicator: LOW (with disclaimer),Shared remediation: field was a pure equity-ratio proxy labeled as if a lien/title review had been performed,predictive_scorer.py (equity_signal logic),2026-08-08T12:00:00Z,PENDING_RERUN
kern_20719605000_prop_intel_dossier.md,Kern,"**APN**: 207-196-05-00-0 (mislabeled - this is the ATN, not the assessor parcel number)",**Source Identifier**: 207-196-05-00-0 (ATN) / **Assessor APN**: 207-196-05 (NOT_VERIFIED),DOSSIER_QA finding: ATN mislabeled as APN in 245/245 Kern dossiers - see property_model.py and monitor_runs/dossier_qa_report.md Section 1,kern/kern_enrich_docnum_verified.py; property_model.py:atn_to_assessor_parcel_number,2026-08-08T12:00:00Z,PENDING_RERUN
kern_20719605000_prop_intel_dossier.md,Kern,PRIORITY SIGNAL: GOING TO AUCTION in 37 days (2026-09-14 - 2026-09-16),PUBLIC-RECORD SIGNAL: Tax-default / Power-to-Sell public-record indicator; parcel-specific auction status not verified (county auction window ...,DOSSIER_QA finding: overclaimed parcel-specific auction-list confirmation against an unpublished live list - see monitor_runs/dossier_qa_report.md Section 2,report_builder.py (priority_signal_display logic); signal_priority.py,2026-08-08T12:00:00Z,PENDING_RERUN
kern_20719605000_prop_intel_dossier.md,Kern,Lien Risk Tier: HIGH,Equity / Assessed-Value Indicator: LOW (with disclaimer),Shared remediation: field was a pure equity-ratio proxy labeled as if a lien/title review had been performed,predictive_scorer.py (equity_signal logic),2026-08-08T12:00:00Z,PENDING_RERUN
kern_20733421002_prop_intel_dossier.md,Kern,"**APN**: 207-334-21-00-2 (mislabeled - this is the ATN, not the assessor parcel number)",**Source Identifier**: 207-334-21-00-2 (ATN) / **Assessor APN**: 207-334-21 (NOT_VERIFIED),DOSSIER_QA finding: ATN mislabeled as APN in 245/245 Kern dossiers - see property_model.py and monitor_runs/dossier_qa_report.md Section 1,kern/kern_enrich_docnum_verified.py; property_model.py:atn_to_assessor_parcel_number,2026-08-08T12:00:00Z,PENDING_RERUN
kern_20733421002_prop_intel_dossier.md,Kern,PRIORITY SIGNAL: GOING TO AUCTION in 37 days (2026-09-14 - 2026-09-16),PUBLIC-RECORD SIGNAL: Tax-default / Power-to-Sell public-record indicator; parcel-specific auction status not verified (county auction window ...,DOSSIER_QA finding: overclaimed parcel-specific auction-list confirmation against an unpublished live list - see monitor_runs/dossier_qa_report.md Section 2,report_builder.py (priority_signal_display logic); signal_priority.py,2026-08-08T12:00:00Z,PENDING_RERUN
kern_20733421002_prop_intel_dossier.md,Kern,Lien Risk Tier: HIGH,Equity / Assessed-Value Indicator: LOW (with disclaimer),Shared remediation: field was a pure equity-ratio proxy labeled as if a lien/title review had been performed,predictive_scorer.py (equity_signal logic),2026-08-08T12:00:00Z,PENDING_RERUN
kern_20734103002_prop_intel_dossier.md,Kern,"**APN**: 207-341-03-00-2 (mislabeled - this is the ATN, not the assessor parcel number)",**Source Identifier**: 207-341-03-00-2 (ATN) / **Assessor APN**: 207-341-03 (NOT_VERIFIED),DOSSIER_QA finding: ATN mislabeled as APN in 245/245 Kern dossiers - see property_model.py and monitor_runs/dossier_qa_report.md Section 1,kern/kern_enrich_docnum_verified.py; property_model.py:atn_to_assessor_parcel_number,2026-08-08T12:00:00Z,PENDING_RERUN
kern_20734103002_prop_intel_dossier.md,Kern,PRIORITY SIGNAL: GOING TO AUCTION in 37 days (2026-09-14 - 2026-09-16),PUBLIC-RECORD SIGNAL: Tax-default / Power-to-Sell public-record indicator; parcel-specific auction status not verified (county auction window ...,DOSSIER_QA finding: overclaimed parcel-specific auction-list confirmation against an unpublished live list - see monitor_runs/dossier_qa_report.md Section 2,report_builder.py (priority_signal_display logic); signal_priority.py,2026-08-08T12:00:00Z,PENDING_RERUN
kern_20734103002_prop_intel_dossier.md,Kern,Lien Risk Tier: HIGH,Equity / Assessed-Value Indicator: LOW (with disclaimer),Shared remediation: field was a pure equity-ratio proxy labeled as if a lien/title review had been performed,predictive_scorer.py (equity_signal logic),2026-08-08T12:00:00Z,PENDING_RERUN
kern_20736111001_prop_intel_dossier.md,Kern,"**APN**: 207-361-11-00-1 (mislabeled - this is the ATN, not the assessor parcel number)",**Source Identifier**: 207-361-11-00-1 (ATN) / **Assessor APN**: 207-361-11 (NOT_VERIFIED),DOSSIER_QA finding: ATN mislabeled as APN in 245/245 Kern dossiers - see property_model.py and monitor_runs/dossier_qa_report.md Section 1,kern/kern_enrich_docnum_verified.py; property_model.py:atn_to_assessor_parcel_number,2026-08-08T12:00:00Z,PENDING_RERUN
kern_20736111001_prop_intel_dossier.md,Kern,PRIORITY SIGNAL: GOING TO AUCTION in 37 days (2026-09-14 - 2026-09-16),PUBLIC-RECORD SIGNAL: Tax-default / Power-to-Sell public-record indicator; parcel-specific auction status not verified (county auction window ...,DOSSIER_QA finding: overclaimed parcel-specific auction-list confirmation against an unpublished live list - see monitor_runs/dossier_qa_report.md Section 2,report_builder.py (priority_signal_display logic); signal_priority.py,2026-08-08T12:00:00Z,PENDING_RERUN
kern_20736111001_prop_intel_dossier.md,Kern,Lien Risk Tier: HIGH,Equity / Assessed-Value Indicator: LOW (with disclaimer),Shared remediation: field was a pure equity-ratio proxy labeled as if a lien/title review had been performed,predictive_scorer.py (equity_signal logic),2026-08-08T12:00:00Z,PENDING_RERUN
kern_20736137007_prop_intel_dossier.md,Kern,"**APN**: 207-361-37-00-7 (mislabeled - this is the ATN, not the assessor parcel number)",**Source Identifier**: 207-361-37-00-7 (ATN) / **Assessor APN**: 207-361-37 (NOT_VERIFIED),DOSSIER_QA finding: ATN mislabeled as APN in 245/245 Kern dossiers - see property_model.py and monitor_runs/dossier_qa_report.md Section 1,kern/kern_enrich_docnum_verified.py; property_model.py:atn_to_assessor_parcel_number,2026-08-08T12:00:00Z,PENDING_RERUN
kern_20736137007_prop_intel_dossier.md,Kern,PRIORITY SIGNAL: GOING TO AUCTION in 37 days (2026-09-14 - 2026-09-16),PUBLIC-RECORD SIGNAL: Tax-default / Power-to-Sell public-record indicator; parcel-specific auction status not verified (county auction window ...,DOSSIER_QA finding: overclaimed parcel-specific auction-list confirmation against an unpublished live list - see monitor_runs/dossier_qa_report.md Section 2,report_builder.py (priority_signal_display logic); signal_priority.py,2026-08-08T12:00:00Z,PENDING_RERUN
kern_20736137007_prop_intel_dossier.md,Kern,Lien Risk Tier: HIGH,Equity / Assessed-Value Indicator: LOW (with disclaimer),Shared remediation: field was a pure equity-ratio proxy labeled as if a lien/title review had been performed,predictive_scorer.py (equity_signal logic),2026-08-08T12:00:00Z,PENDING_RERUN
kern_20736138000_prop_intel_dossier.md,Kern,"**APN**: 207-361-38-00-0 (mislabeled - this is the ATN, not the assessor parcel number)",**Source Identifier**: 207-361-38-00-0 (ATN) / **Assessor APN**: 207-361-38 (NOT_VERIFIED),DOSSIER_QA finding: ATN mislabeled as APN in 245/245 Kern dossiers - see property_model.py and monitor_runs/dossier_qa_report.md Section 1,kern/kern_enrich_docnum_verified.py; property_model.py:atn_to_assessor_parcel_number,2026-08-08T12:00:00Z,PENDING_RERUN
kern_20736138000_prop_intel_dossier.md,Kern,PRIORITY SIGNAL: GOING TO AUCTION in 37 days (2026-09-14 - 2026-09-16),PUBLIC-RECORD SIGNAL: Tax-default / Power-to-Sell public-record indicator; parcel-specific auction status not verified (county auction window ...,DOSSIER_QA finding: overclaimed parcel-specific auction-list confirmation against an unpublished live list - see monitor_runs/dossier_qa_report.md Section 2,report_builder.py (priority_signal_display logic); signal_priority.py,2026-08-08T12:00:00Z,PENDING_RERUN
kern_20736138000_prop_intel_dossier.md,Kern,Lien Risk Tier: HIGH,Equity / Assessed-Value Indicator: LOW (with disclaimer),Shared remediation: field was a pure equity-ratio proxy labeled as if a lien/title review had been performed,predictive_scorer.py (equity_signal logic),2026-08-08T12:00:00Z,PENDING_RERUN
kern_20736212001_prop_intel_dossier.md,Kern,"**APN**: 207-362-12-00-1 (mislabeled - this is the ATN, not the assessor parcel number)",**Source Identifier**: 207-362-12-00-1 (ATN) / **Assessor APN**: 207-362-12 (NOT_VERIFIED),DOSSIER_QA finding: ATN mislabeled as APN in 245/245 Kern dossiers - see property_model.py and monitor_runs/dossier_qa_report.md Section 1,kern/kern_enrich_docnum_verified.py; property_model.py:atn_to_assessor_parcel_number,2026-08-08T12:00:00Z,PENDING_RERUN
kern_20736212001_prop_intel_dossier.md,Kern,PRIORITY SIGNAL: GOING TO AUCTION in 37 days (2026-09-14 - 2026-09-16),PUBLIC-RECORD SIGNAL: Tax-default / Power-to-Sell public-record indicator; parcel-specific auction status not verified (county auction window ...,DOSSIER_QA finding: overclaimed parcel-specific auction-list confirmation against an unpublished live list - see monitor_runs/dossier_qa_report.md Section 2,report_builder.py (priority_signal_display logic); signal_priority.py,2026-08-08T12:00:00Z,PENDING_RERUN
kern_20736212001_prop_intel_dossier.md,Kern,Lien Risk Tier: HIGH,Equity / Assessed-Value Indicator: LOW (with disclaimer),Shared remediation: field was a pure equity-ratio proxy labeled as if a lien/title review had been performed,predictive_scorer.py (equity_signal logic),2026-08-08T12:00:00Z,PENDING_RERUN
kern_20737118005_prop_intel_dossier.md,Kern,"**APN**: 207-371-18-00-5 (mislabeled - this is the ATN, not the assessor parcel number)",**Source Identifier**: 207-371-18-00-5 (ATN) / **Assessor APN**: 207-371-18 (NOT_VERIFIED),DOSSIER_QA finding: ATN mislabeled as APN in 245/245 Kern dossiers - see property_model.py and monitor_runs/dossier_qa_report.md Section 1,kern/kern_enrich_docnum_verified.py; property_model.py:atn_to_assessor_parcel_number,2026-08-08T12:00:00Z,PENDING_RERUN
kern_20737118005_prop_intel_dossier.md,Kern,PRIORITY SIGNAL: GOING TO AUCTION in 37 days (2026-09-14 - 2026-09-16),PUBLIC-RECORD SIGNAL: Tax-default / Power-to-Sell public-record indicator; parcel-specific auction status not verified (county auction window ...,DOSSIER_QA finding: overclaimed parcel-specific auction-list confirmation against an unpublished live list - see monitor_runs/dossier_qa_report.md Section 2,report_builder.py (priority_signal_display logic); signal_priority.py,2026-08-08T12:00:00Z,PENDING_RERUN
kern_20737118005_prop_intel_dossier.md,Kern,Lien Risk Tier: HIGH,Equity / Assessed-Value Indicator: LOW (with disclaimer),Shared remediation: field was a pure equity-ratio proxy labeled as if a lien/title review had been performed,predictive_scorer.py (equity_signal logic),2026-08-08T12:00:00Z,PENDING_RERUN
kern_20906207004_prop_intel_dossier.md,Kern,"**APN**: 209-062-07-00-4 (mislabeled - this is the ATN, not the assessor parcel number)",**Source Identifier**: 209-062-07-00-4 (ATN) / **Assessor APN**: 209-062-07 (NOT_VERIFIED),DOSSIER_QA finding: ATN mislabeled as APN in 245/245 Kern dossiers - see property_model.py and monitor_runs/dossier_qa_report.md Section 1,kern/kern_enrich_docnum_verified.py; property_model.py:atn_to_assessor_parcel_number,2026-08-08T12:00:00Z,PENDING_RERUN
kern_20906207004_prop_intel_dossier.md,Kern,PRIORITY SIGNAL: GOING TO AUCTION in 37 days (2026-09-14 - 2026-09-16),PUBLIC-RECORD SIGNAL: Tax-default / Power-to-Sell public-record indicator; parcel-specific auction status not verified (county auction window ...,DOSSIER_QA finding: overclaimed parcel-specific auction-list confirmation against an unpublished live list - see monitor_runs/dossier_qa_report.md Section 2,report_builder.py (priority_signal_display logic); signal_priority.py,2026-08-08T12:00:00Z,PENDING_RERUN
kern_20906207004_prop_intel_dossier.md,Kern,Lien Risk Tier: HIGH,Equity / Assessed-Value Indicator: LOW (with disclaimer),Shared remediation: field was a pure equity-ratio proxy labeled as if a lien/title review had been performed,predictive_scorer.py (equity_signal logic),2026-08-08T12:00:00Z,PENDING_RERUN
kern_20909008002_prop_intel_dossier.md,Kern,"**APN**: 209-090-08-00-2 (mislabeled - this is the ATN, not the assessor parcel number)",**Source Identifier**: 209-090-08-00-2 (ATN) / **Assessor APN**: 209-090-08 (NOT_VERIFIED),DOSSIER_QA finding: ATN mislabeled as APN in 245/245 Kern dossiers - see property_model.py and monitor_runs/dossier_qa_report.md Section 1,kern/kern_enrich_docnum_verified.py; property_model.py:atn_to_assessor_parcel_number,2026-08-08T12:00:00Z,PENDING_RERUN
kern_20909008002_prop_intel_dossier.md,Kern,PRIORITY SIGNAL: GOING TO AUCTION in 37 days (2026-09-14 - 2026-09-16),PUBLIC-RECORD SIGNAL: Tax-default / Power-to-Sell public-record indicator; parcel-specific auction status not verified (county auction window ...,DOSSIER_QA finding: overclaimed parcel-specific auction-list confirmation against an unpublished live list - see monitor_runs/dossier_qa_report.md Section 2,report_builder.py (priority_signal_display logic); signal_priority.py,2026-08-08T12:00:00Z,PENDING_RERUN
kern_20909008002_prop_intel_dossier.md,Kern,Lien Risk Tier: HIGH,Equity / Assessed-Value Indicator: LOW (with disclaimer),Shared remediation: field was a pure equity-ratio proxy labeled as if a lien/title review had been performed,predictive_scorer.py (equity_signal logic),2026-08-08T12:00:00Z,PENDING_RERUN
kern_20910102003_prop_intel_dossier.md,Kern,"**APN**: 209-101-02-00-3 (mislabeled - this is the ATN, not the assessor parcel number)",**Source Identifier**: 209-101-02-00-3 (ATN) / **Assessor APN**: 209-101-02 (NOT_VERIFIED),DOSSIER_QA finding: ATN mislabeled as APN in 245/245 Kern dossiers - see property_model.py and monitor_runs/dossier_qa_report.md Section 1,kern/kern_enrich_docnum_verified.py; property_model.py:atn_to_assessor_parcel_number,2026-08-08T12:00:00Z,PENDING_RERUN
kern_20910102003_prop_intel_dossier.md,Kern,PRIORITY SIGNAL: GOING TO AUCTION in 37 days (2026-09-14 - 2026-09-16),PUBLIC-RECORD SIGNAL: Tax-default / Power-to-Sell public-record indicator; parcel-specific auction status not verified (county auction window ...,DOSSIER_QA finding: overclaimed parcel-specific auction-list confirmation against an unpublished live list - see monitor_runs/dossier_qa_report.md Section 2,report_builder.py (priority_signal_display logic); signal_priority.py,2026-08-08T12:00:00Z,PENDING_RERUN
kern_20910102003_prop_intel_dossier.md,Kern,Lien Risk Tier: HIGH,Equity / Assessed-Value Indicator: LOW (with disclaimer),Shared remediation: field was a pure equity-ratio proxy labeled as if a lien/title review had been performed,predictive_scorer.py (equity_signal logic),2026-08-08T12:00:00Z,PENDING_RERUN
kern_20910110006_prop_intel_dossier.md,Kern,"**APN**: 209-101-10-00-6 (mislabeled - this is the ATN, not the assessor parcel number)",**Source Identifier**: 209-101-10-00-6 (ATN) / **Assessor APN**: 209-101-10 (NOT_VERIFIED),DOSSIER_QA finding: ATN mislabeled as APN in 245/245 Kern dossiers - see property_model.py and monitor_runs/dossier_qa_report.md Section 1,kern/kern_enrich_docnum_verified.py; property_model.py:atn_to_assessor_parcel_number,2026-08-08T12:00:00Z,PENDING_RERUN
kern_20910110006_prop_intel_dossier.md,Kern,PRIORITY SIGNAL: GOING TO AUCTION in 37 days (2026-09-14 - 2026-09-16),PUBLIC-RECORD SIGNAL: Tax-default / Power-to-Sell public-record indicator; parcel-specific auction status not verified (county auction window ...,DOSSIER_QA finding: overclaimed parcel-specific auction-list confirmation against an unpublished live list - see monitor_runs/dossier_qa_report.md Section 2,report_builder.py (priority_signal_display logic); signal_priority.py,2026-08-08T12:00:00Z,PENDING_RERUN
kern_20910110006_prop_intel_dossier.md,Kern,Lien Risk Tier: HIGH,Equity / Assessed-Value Indicator: LOW (with disclaimer),Shared remediation: field was a pure equity-ratio proxy labeled as if a lien/title review had been performed,predictive_scorer.py (equity_signal logic),2026-08-08T12:00:00Z,PENDING_RERUN
kern_20911108004_prop_intel_dossier.md,Kern,"**APN**: 209-111-08-00-4 (mislabeled - this is the ATN, not the assessor parcel number)",**Source Identifier**: 209-111-08-00-4 (ATN) / **Assessor APN**: 209-111-08 (NOT_VERIFIED),DOSSIER_QA finding: ATN mislabeled as APN in 245/245 Kern dossiers - see property_model.py and monitor_runs/dossier_qa_report.md Section 1,kern/kern_enrich_docnum_verified.py; property_model.py:atn_to_assessor_parcel_number,2026-08-08T12:00:00Z,PENDING_RERUN
kern_20911108004_prop_intel_dossier.md,Kern,PRIORITY SIGNAL: GOING TO AUCTION in 37 days (2026-09-14 - 2026-09-16),PUBLIC-RECORD SIGNAL: Tax-default / Power-to-Sell public-record indicator; parcel-specific auction status not verified (county auction window ...,DOSSIER_QA finding: overclaimed parcel-specific auction-list confirmation against an unpublished live list - see monitor_runs/dossier_qa_report.md Section 2,report_builder.py (priority_signal_display logic); signal_priority.py,2026-08-08T12:00:00Z,PENDING_RERUN
kern_20911108004_prop_intel_dossier.md,Kern,Lien Risk Tier: HIGH,Equity / Assessed-Value Indicator: LOW (with disclaimer),Shared remediation: field was a pure equity-ratio proxy labeled as if a lien/title review had been performed,predictive_scorer.py (equity_signal logic),2026-08-08T12:00:00Z,PENDING_RERUN
kern_20913106004_prop_intel_dossier.md,Kern,"**APN**: 209-131-06-00-4 (mislabeled - this is the ATN, not the assessor parcel number)",**Source Identifier**: 209-131-06-00-4 (ATN) / **Assessor APN**: 209-131-06 (NOT_VERIFIED),DOSSIER_QA finding: ATN mislabeled as APN in 245/245 Kern dossiers - see property_model.py and monitor_runs/dossier_qa_report.md Section 1,kern/kern_enrich_docnum_verified.py; property_model.py:atn_to_assessor_parcel_number,2026-08-08T12:00:00Z,PENDING_RERUN
kern_20913106004_prop_intel_dossier.md,Kern,PRIORITY SIGNAL: GOING TO AUCTION in 37 days (2026-09-14 - 2026-09-16),PUBLIC-RECORD SIGNAL: Tax-default / Power-to-Sell public-record indicator; parcel-specific auction status not verified (county auction window ...,DOSSIER_QA finding: overclaimed parcel-specific auction-list confirmation against an unpublished live list - see monitor_runs/dossier_qa_report.md Section 2,report_builder.py (priority_signal_display logic); signal_priority.py,2026-08-08T12:00:00Z,PENDING_RERUN
kern_20913106004_prop_intel_dossier.md,Kern,Lien Risk Tier: HIGH,Equity / Assessed-Value Indicator: LOW (with disclaimer),Shared remediation: field was a pure equity-ratio proxy labeled as if a lien/title review had been performed,predictive_scorer.py (equity_signal logic),2026-08-08T12:00:00Z,PENDING_RERUN
kern_20913204005_prop_intel_dossier.md,Kern,"**APN**: 209-132-04-00-5 (mislabeled - this is the ATN, not the assessor parcel number)",**Source Identifier**: 209-132-04-00-5 (ATN) / **Assessor APN**: 209-132-04 (NOT_VERIFIED),DOSSIER_QA finding: ATN mislabeled as APN in 245/245 Kern dossiers - see property_model.py and monitor_runs/dossier_qa_report.md Section 1,kern/kern_enrich_docnum_verified.py; property_model.py:atn_to_assessor_parcel_number,2026-08-08T12:00:00Z,PENDING_RERUN
kern_20913204005_prop_intel_dossier.md,Kern,PRIORITY SIGNAL: GOING TO AUCTION in 37 days (2026-09-14 - 2026-09-16),PUBLIC-RECORD SIGNAL: Tax-default / Power-to-Sell public-record indicator; parcel-specific auction status not verified (county auction window ...,DOSSIER_QA finding: overclaimed parcel-specific auction-list confirmation against an unpublished live list - see monitor_runs/dossier_qa_report.md Section 2,report_builder.py (priority_signal_display logic); signal_priority.py,2026-08-08T12:00:00Z,PENDING_RERUN
kern_20913204005_prop_intel_dossier.md,Kern,Lien Risk Tier: HIGH,Equity / Assessed-Value Indicator: LOW (with disclaimer),Shared remediation: field was a pure equity-ratio proxy labeled as if a lien/title review had been performed,predictive_scorer.py (equity_signal logic),2026-08-08T12:00:00Z,PENDING_RERUN
kern_20913229008_prop_intel_dossier.md,Kern,"**APN**: 209-132-29-00-8 (mislabeled - this is the ATN, not the assessor parcel number)",**Source Identifier**: 209-132-29-00-8 (ATN) / **Assessor APN**: 209-132-29 (NOT_VERIFIED),DOSSIER_QA finding: ATN mislabeled as APN in 245/245 Kern dossiers - see property_model.py and monitor_runs/dossier_qa_report.md Section 1,kern/kern_enrich_docnum_verified.py; property_model.py:atn_to_assessor_parcel_number,2026-08-08T12:00:00Z,PENDING_RERUN
kern_20913229008_prop_intel_dossier.md,Kern,PRIORITY SIGNAL: GOING TO AUCTION in 37 days (2026-09-14 - 2026-09-16),PUBLIC-RECORD SIGNAL: Tax-default / Power-to-Sell public-record indicator; parcel-specific auction status not verified (county auction window ...,DOSSIER_QA finding: overclaimed parcel-specific auction-list confirmation against an unpublished live list - see monitor_runs/dossier_qa_report.md Section 2,report_builder.py (priority_signal_display logic); signal_priority.py,2026-08-08T12:00:00Z,PENDING_RERUN
kern_20913229008_prop_intel_dossier.md,Kern,Lien Risk Tier: HIGH,Equity / Assessed-Value Indicator: LOW (with disclaimer),Shared remediation: field was a pure equity-ratio proxy labeled as if a lien/title review had been performed,predictive_scorer.py (equity_signal logic),2026-08-08T12:00:00Z,PENDING_RERUN
kern_20914209003_prop_intel_dossier.md,Kern,"**APN**: 209-142-09-00-3 (mislabeled - this is the ATN, not the assessor parcel number)",**Source Identifier**: 209-142-09-00-3 (ATN) / **Assessor APN**: 209-142-09 (NOT_VERIFIED),DOSSIER_QA finding: ATN mislabeled as APN in 245/245 Kern dossiers - see property_model.py and monitor_runs/dossier_qa_report.md Section 1,kern/kern_enrich_docnum_verified.py; property_model.py:atn_to_assessor_parcel_number,2026-08-08T12:00:00Z,PENDING_RERUN
kern_20914209003_prop_intel_dossier.md,Kern,PRIORITY SIGNAL: GOING TO AUCTION in 37 days (2026-09-14 - 2026-09-16),PUBLIC-RECORD SIGNAL: Tax-default / Power-to-Sell public-record indicator; parcel-specific auction status not verified (county auction window ...,DOSSIER_QA finding: overclaimed parcel-specific auction-list confirmation against an unpublished live list - see monitor_runs/dossier_qa_report.md Section 2,report_builder.py (priority_signal_display logic); signal_priority.py,2026-08-08T12:00:00Z,PENDING_RERUN
kern_20914209003_prop_intel_dossier.md,Kern,Lien Risk Tier: HIGH,Equity / Assessed-Value Indicator: LOW (with disclaimer),Shared remediation: field was a pure equity-ratio proxy labeled as if a lien/title review had been performed,predictive_scorer.py (equity_signal logic),2026-08-08T12:00:00Z,PENDING_RERUN
kern_20922212004_prop_intel_dossier.md,Kern,"**APN**: 209-222-12-00-4 (mislabeled - this is the ATN, not the assessor parcel number)",**Source Identifier**: 209-222-12-00-4 (ATN) / **Assessor APN**: 209-222-12 (NOT_VERIFIED),DOSSIER_QA finding: ATN mislabeled as APN in 245/245 Kern dossiers - see property_model.py and monitor_runs/dossier_qa_report.md Section 1,kern/kern_enrich_docnum_verified.py; property_model.py:atn_to_assessor_parcel_number,2026-08-08T12:00:00Z,PENDING_RERUN
kern_20922212004_prop_intel_dossier.md,Kern,PRIORITY SIGNAL: GOING TO AUCTION in 37 days (2026-09-14 - 2026-09-16),PUBLIC-RECORD SIGNAL: Tax-default / Power-to-Sell public-record indicator; parcel-specific auction status not verified (county auction window ...,DOSSIER_QA finding: overclaimed parcel-specific auction-list confirmation against an unpublished live list - see monitor_runs/dossier_qa_report.md Section 2,report_builder.py (priority_signal_display logic); signal_priority.py,2026-08-08T12:00:00Z,PENDING_RERUN
kern_20922212004_prop_intel_dossier.md,Kern,Lien Risk Tier: HIGH,Equity / Assessed-Value Indicator: LOW (with disclaimer),Shared remediation: field was a pure equity-ratio proxy labeled as if a lien/title review had been performed,predictive_scorer.py (equity_signal logic),2026-08-08T12:00:00Z,PENDING_RERUN
kern_20922213007_prop_intel_dossier.md,Kern,"**APN**: 209-222-13-00-7 (mislabeled - this is the ATN, not the assessor parcel number)",**Source Identifier**: 209-222-13-00-7 (ATN) / **Assessor APN**: 209-222-13 (NOT_VERIFIED),DOSSIER_QA finding: ATN mislabeled as APN in 245/245 Kern dossiers - see property_model.py and monitor_runs/dossier_qa_report.md Section 1,kern/kern_enrich_docnum_verified.py; property_model.py:atn_to_assessor_parcel_number,2026-08-08T12:00:00Z,PENDING_RERUN
kern_20922213007_prop_intel_dossier.md,Kern,PRIORITY SIGNAL: GOING TO AUCTION in 37 days (2026-09-14 - 2026-09-16),PUBLIC-RECORD SIGNAL: Tax-default / Power-to-Sell public-record indicator; parcel-specific auction status not verified (county auction window ...,DOSSIER_QA finding: overclaimed parcel-specific auction-list confirmation against an unpublished live list - see monitor_runs/dossier_qa_report.md Section 2,report_builder.py (priority_signal_display logic); signal_priority.py,2026-08-08T12:00:00Z,PENDING_RERUN
kern_20922213007_prop_intel_dossier.md,Kern,Lien Risk Tier: HIGH,Equity / Assessed-Value Indicator: LOW (with disclaimer),Shared remediation: field was a pure equity-ratio proxy labeled as if a lien/title review had been performed,predictive_scorer.py (equity_signal logic),2026-08-08T12:00:00Z,PENDING_RERUN
kern_20924102004_prop_intel_dossier.md,Kern,"**APN**: 209-241-02-00-4 (mislabeled - this is the ATN, not the assessor parcel number)",**Source Identifier**: 209-241-02-00-4 (ATN) / **Assessor APN**: 209-241-02 (NOT_VERIFIED),DOSSIER_QA finding: ATN mislabeled as APN in 245/245 Kern dossiers - see property_model.py and monitor_runs/dossier_qa_report.md Section 1,kern/kern_enrich_docnum_verified.py; property_model.py:atn_to_assessor_parcel_number,2026-08-08T12:00:00Z,PENDING_RERUN
kern_20924102004_prop_intel_dossier.md,Kern,PRIORITY SIGNAL: GOING TO AUCTION in 37 days (2026-09-14 - 2026-09-16),PUBLIC-RECORD SIGNAL: Tax-default / Power-to-Sell public-record indicator; parcel-specific auction status not verified (county auction window ...,DOSSIER_QA finding: overclaimed parcel-specific auction-list confirmation against an unpublished live list - see monitor_runs/dossier_qa_report.md Section 2,report_builder.py (priority_signal_display logic); signal_priority.py,2026-08-08T12:00:00Z,PENDING_RERUN
kern_20924102004_prop_intel_dossier.md,Kern,Lien Risk Tier: MEDIUM,Equity / Assessed-Value Indicator: MEDIUM (with disclaimer),Shared remediation: field was a pure equity-ratio proxy labeled as if a lien/title review had been performed,predictive_scorer.py (equity_signal logic),2026-08-08T12:00:00Z,PENDING_RERUN
kern_20925214009_prop_intel_dossier.md,Kern,"**APN**: 209-252-14-00-9 (mislabeled - this is the ATN, not the assessor parcel number)",**Source Identifier**: 209-252-14-00-9 (ATN) / **Assessor APN**: 209-252-14 (NOT_VERIFIED),DOSSIER_QA finding: ATN mislabeled as APN in 245/245 Kern dossiers - see property_model.py and monitor_runs/dossier_qa_report.md Section 1,kern/kern_enrich_docnum_verified.py; property_model.py:atn_to_assessor_parcel_number,2026-08-08T12:00:00Z,PENDING_RERUN
kern_20925214009_prop_intel_dossier.md,Kern,PRIORITY SIGNAL: GOING TO AUCTION in 37 days (2026-09-14 - 2026-09-16),PUBLIC-RECORD SIGNAL: Tax-default / Power-to-Sell public-record indicator; parcel-specific auction status not verified (county auction window ...,DOSSIER_QA finding: overclaimed parcel-specific auction-list confirmation against an unpublished live list - see monitor_runs/dossier_qa_report.md Section 2,report_builder.py (priority_signal_display logic); signal_priority.py,2026-08-08T12:00:00Z,PENDING_RERUN
kern_20925214009_prop_intel_dossier.md,Kern,Lien Risk Tier: HIGH,Equity / Assessed-Value Indicator: LOW (with disclaimer),Shared remediation: field was a pure equity-ratio proxy labeled as if a lien/title review had been performed,predictive_scorer.py (equity_signal logic),2026-08-08T12:00:00Z,PENDING_RERUN
kern_20928210006_prop_intel_dossier.md,Kern,"**APN**: 209-282-10-00-6 (mislabeled - this is the ATN, not the assessor parcel number)",**Source Identifier**: 209-282-10-00-6 (ATN) / **Assessor APN**: 209-282-10 (NOT_VERIFIED),DOSSIER_QA finding: ATN mislabeled as APN in 245/245 Kern dossiers - see property_model.py and monitor_runs/dossier_qa_report.md Section 1,kern/kern_enrich_docnum_verified.py; property_model.py:atn_to_assessor_parcel_number,2026-08-08T12:00:00Z,PENDING_RERUN
kern_20928210006_prop_intel_dossier.md,Kern,PRIORITY SIGNAL: GOING TO AUCTION in 37 days (2026-09-14 - 2026-09-16),PUBLIC-RECORD SIGNAL: Tax-default / Power-to-Sell public-record indicator; parcel-specific auction status not verified (county auction window ...,DOSSIER_QA finding: overclaimed parcel-specific auction-list confirmation against an unpublished live list - see monitor_runs/dossier_qa_report.md Section 2,report_builder.py (priority_signal_display logic); signal_priority.py,2026-08-08T12:00:00Z,PENDING_RERUN
kern_20928210006_prop_intel_dossier.md,Kern,Lien Risk Tier: HIGH,Equity / Assessed-Value Indicator: LOW (with disclaimer),Shared remediation: field was a pure equity-ratio proxy labeled as if a lien/title review had been performed,predictive_scorer.py (equity_signal logic),2026-08-08T12:00:00Z,PENDING_RERUN
kern_20930156008_prop_intel_dossier.md,Kern,"**APN**: 209-301-56-00-8 (mislabeled - this is the ATN, not the assessor parcel number)",**Source Identifier**: 209-301-56-00-8 (ATN) / **Assessor APN**: 209-301-56 (NOT_VERIFIED),DOSSIER_QA finding: ATN mislabeled as APN in 245/245 Kern dossiers - see property_model.py and monitor_runs/dossier_qa_report.md Section 1,kern/kern_enrich_docnum_verified.py; property_model.py:atn_to_assessor_parcel_number,2026-08-08T12:00:00Z,PENDING_RERUN
kern_20930156008_prop_intel_dossier.md,Kern,PRIORITY SIGNAL: GOING TO AUCTION in 37 days (2026-09-14 - 2026-09-16),PUBLIC-RECORD SIGNAL: Tax-default / Power-to-Sell public-record indicator; parcel-specific auction status not verified (county auction window ...,DOSSIER_QA finding: overclaimed parcel-specific auction-list confirmation against an unpublished live list - see monitor_runs/dossier_qa_report.md Section 2,report_builder.py (priority_signal_display logic); signal_priority.py,2026-08-08T12:00:00Z,PENDING_RERUN
kern_20930156008_prop_intel_dossier.md,Kern,Lien Risk Tier: HIGH,Equity / Assessed-Value Indicator: LOW (with disclaimer),Shared remediation: field was a pure equity-ratio proxy labeled as if a lien/title review had been performed,predictive_scorer.py (equity_signal logic),2026-08-08T12:00:00Z,PENDING_RERUN
kern_20930157001_prop_intel_dossier.md,Kern,"**APN**: 209-301-57-00-1 (mislabeled - this is the ATN, not the assessor parcel number)",**Source Identifier**: 209-301-57-00-1 (ATN) / **Assessor APN**: 209-301-57 (NOT_VERIFIED),DOSSIER_QA finding: ATN mislabeled as APN in 245/245 Kern dossiers - see property_model.py and monitor_runs/dossier_qa_report.md Section 1,kern/kern_enrich_docnum_verified.py; property_model.py:atn_to_assessor_parcel_number,2026-08-08T12:00:00Z,PENDING_RERUN
kern_20930157001_prop_intel_dossier.md,Kern,PRIORITY SIGNAL: GOING TO AUCTION in 37 days (2026-09-14 - 2026-09-16),PUBLIC-RECORD SIGNAL: Tax-default / Power-to-Sell public-record indicator; parcel-specific auction status not verified (county auction window ...,DOSSIER_QA finding: overclaimed parcel-specific auction-list confirmation against an unpublished live list - see monitor_runs/dossier_qa_report.md Section 2,report_builder.py (priority_signal_display logic); signal_priority.py,2026-08-08T12:00:00Z,PENDING_RERUN
kern_20930157001_prop_intel_dossier.md,Kern,Lien Risk Tier: HIGH,Equity / Assessed-Value Indicator: LOW (with disclaimer),Shared remediation: field was a pure equity-ratio proxy labeled as if a lien/title review had been performed,predictive_scorer.py (equity_signal logic),2026-08-08T12:00:00Z,PENDING_RERUN
kern_20930165004_prop_intel_dossier.md,Kern,"**APN**: 209-301-65-00-4 (mislabeled - this is the ATN, not the assessor parcel number)",**Source Identifier**: 209-301-65-00-4 (ATN) / **Assessor APN**: 209-301-65 (NOT_VERIFIED),DOSSIER_QA finding: ATN mislabeled as APN in 245/245 Kern dossiers - see property_model.py and monitor_runs/dossier_qa_report.md Section 1,kern/kern_enrich_docnum_verified.py; property_model.py:atn_to_assessor_parcel_number,2026-08-08T12:00:00Z,PENDING_RERUN
kern_20930165004_prop_intel_dossier.md,Kern,PRIORITY SIGNAL: GOING TO AUCTION in 37 days (2026-09-14 - 2026-09-16),PUBLIC-RECORD SIGNAL: Tax-default / Power-to-Sell public-record indicator; parcel-specific auction status not verified (county auction window ...,DOSSIER_QA finding: overclaimed parcel-specific auction-list confirmation against an unpublished live list - see monitor_runs/dossier_qa_report.md Section 2,report_builder.py (priority_signal_display logic); signal_priority.py,2026-08-08T12:00:00Z,PENDING_RERUN
kern_20930165004_prop_intel_dossier.md,Kern,Lien Risk Tier: HIGH,Equity / Assessed-Value Indicator: LOW (with disclaimer),Shared remediation: field was a pure equity-ratio proxy labeled as if a lien/title review had been performed,predictive_scorer.py (equity_signal logic),2026-08-08T12:00:00Z,PENDING_RERUN
kern_20933118007_prop_intel_dossier.md,Kern,"**APN**: 209-331-18-00-7 (mislabeled - this is the ATN, not the assessor parcel number)",**Source Identifier**: 209-331-18-00-7 (ATN) / **Assessor APN**: 209-331-18 (NOT_VERIFIED),DOSSIER_QA finding: ATN mislabeled as APN in 245/245 Kern dossiers - see property_model.py and monitor_runs/dossier_qa_report.md Section 1,kern/kern_enrich_docnum_verified.py; property_model.py:atn_to_assessor_parcel_number,2026-08-08T12:00:00Z,PENDING_RERUN
kern_20933118007_prop_intel_dossier.md,Kern,PRIORITY SIGNAL: GOING TO AUCTION in 37 days (2026-09-14 - 2026-09-16),PUBLIC-RECORD SIGNAL: Tax-default / Power-to-Sell public-record indicator; parcel-specific auction status not verified (county auction window ...,DOSSIER_QA finding: overclaimed parcel-specific auction-list confirmation against an unpublished live list - see monitor_runs/dossier_qa_report.md Section 2,report_builder.py (priority_signal_display logic); signal_priority.py,2026-08-08T12:00:00Z,PENDING_RERUN
kern_20933118007_prop_intel_dossier.md,Kern,Lien Risk Tier: HIGH,Equity / Assessed-Value Indicator: LOW (with disclaimer),Shared remediation: field was a pure equity-ratio proxy labeled as if a lien/title review had been performed,predictive_scorer.py (equity_signal logic),2026-08-08T12:00:00Z,PENDING_RERUN
kern_21004011005_prop_intel_dossier.md,Kern,"**APN**: 210-040-11-00-5 (mislabeled - this is the ATN, not the assessor parcel number)",**Source Identifier**: 210-040-11-00-5 (ATN) / **Assessor APN**: 210-040-11 (NOT_VERIFIED),DOSSIER_QA finding: ATN mislabeled as APN in 245/245 Kern dossiers - see property_model.py and monitor_runs/dossier_qa_report.md Section 1,kern/kern_enrich_docnum_verified.py; property_model.py:atn_to_assessor_parcel_number,2026-08-08T12:00:00Z,PENDING_RERUN
kern_21004011005_prop_intel_dossier.md,Kern,PRIORITY SIGNAL: GOING TO AUCTION in 37 days (2026-09-14 - 2026-09-16),PUBLIC-RECORD SIGNAL: Tax-default / Power-to-Sell public-record indicator; parcel-specific auction status not verified (county auction window ...,DOSSIER_QA finding: overclaimed parcel-specific auction-list confirmation against an unpublished live list - see monitor_runs/dossier_qa_report.md Section 2,report_builder.py (priority_signal_display logic); signal_priority.py,2026-08-08T12:00:00Z,PENDING_RERUN
kern_21004011005_prop_intel_dossier.md,Kern,Lien Risk Tier: HIGH,Equity / Assessed-Value Indicator: LOW (with disclaimer),Shared remediation: field was a pure equity-ratio proxy labeled as if a lien/title review had been performed,predictive_scorer.py (equity_signal logic),2026-08-08T12:00:00Z,PENDING_RERUN
kern_21031022005_prop_intel_dossier.md,Kern,"**APN**: 210-310-22-00-5 (mislabeled - this is the ATN, not the assessor parcel number)",**Source Identifier**: 210-310-22-00-5 (ATN) / **Assessor APN**: 210-310-22 (NOT_VERIFIED),DOSSIER_QA finding: ATN mislabeled as APN in 245/245 Kern dossiers - see property_model.py and monitor_runs/dossier_qa_report.md Section 1,kern/kern_enrich_docnum_verified.py; property_model.py:atn_to_assessor_parcel_number,2026-08-08T12:00:00Z,PENDING_RERUN
kern_21031022005_prop_intel_dossier.md,Kern,PRIORITY SIGNAL: GOING TO AUCTION in 37 days (2026-09-14 - 2026-09-16),PUBLIC-RECORD SIGNAL: Tax-default / Power-to-Sell public-record indicator; parcel-specific auction status not verified (county auction window ...,DOSSIER_QA finding: overclaimed parcel-specific auction-list confirmation against an unpublished live list - see monitor_runs/dossier_qa_report.md Section 2,report_builder.py (priority_signal_display logic); signal_priority.py,2026-08-08T12:00:00Z,PENDING_RERUN
kern_21031022005_prop_intel_dossier.md,Kern,Lien Risk Tier: HIGH,Equity / Assessed-Value Indicator: LOW (with disclaimer),Shared remediation: field was a pure equity-ratio proxy labeled as if a lien/title review had been performed,predictive_scorer.py (equity_signal logic),2026-08-08T12:00:00Z,PENDING_RERUN
kern_21113204002_prop_intel_dossier.md,Kern,"**APN**: 211-132-04-00-2 (mislabeled - this is the ATN, not the assessor parcel number)",**Source Identifier**: 211-132-04-00-2 (ATN) / **Assessor APN**: 211-132-04 (NOT_VERIFIED),DOSSIER_QA finding: ATN mislabeled as APN in 245/245 Kern dossiers - see property_model.py and monitor_runs/dossier_qa_report.md Section 1,kern/kern_enrich_docnum_verified.py; property_model.py:atn_to_assessor_parcel_number,2026-08-08T12:00:00Z,PENDING_RERUN
kern_21113204002_prop_intel_dossier.md,Kern,PRIORITY SIGNAL: GOING TO AUCTION in 37 days (2026-09-14 - 2026-09-16),PUBLIC-RECORD SIGNAL: Tax-default / Power-to-Sell public-record indicator; parcel-specific auction status not verified (county auction window ...,DOSSIER_QA finding: overclaimed parcel-specific auction-list confirmation against an unpublished live list - see monitor_runs/dossier_qa_report.md Section 2,report_builder.py (priority_signal_display logic); signal_priority.py,2026-08-08T12:00:00Z,PENDING_RERUN
kern_21113204002_prop_intel_dossier.md,Kern,Lien Risk Tier: HIGH,Equity / Assessed-Value Indicator: LOW (with disclaimer),Shared remediation: field was a pure equity-ratio proxy labeled as if a lien/title review had been performed,predictive_scorer.py (equity_signal logic),2026-08-08T12:00:00Z,PENDING_RERUN
kern_21122310002_prop_intel_dossier.md,Kern,"**APN**: 211-223-10-00-2 (mislabeled - this is the ATN, not the assessor parcel number)",**Source Identifier**: 211-223-10-00-2 (ATN) / **Assessor APN**: 211-223-10 (NOT_VERIFIED),DOSSIER_QA finding: ATN mislabeled as APN in 245/245 Kern dossiers - see property_model.py and monitor_runs/dossier_qa_report.md Section 1,kern/kern_enrich_docnum_verified.py; property_model.py:atn_to_assessor_parcel_number,2026-08-08T12:00:00Z,PENDING_RERUN
kern_21122310002_prop_intel_dossier.md,Kern,PRIORITY SIGNAL: GOING TO AUCTION in 37 days (2026-09-14 - 2026-09-16),PUBLIC-RECORD SIGNAL: Tax-default / Power-to-Sell public-record indicator; parcel-specific auction status not verified (county auction window ...,DOSSIER_QA finding: overclaimed parcel-specific auction-list confirmation against an unpublished live list - see monitor_runs/dossier_qa_report.md Section 2,report_builder.py (priority_signal_display logic); signal_priority.py,2026-08-08T12:00:00Z,PENDING_RERUN
kern_21122310002_prop_intel_dossier.md,Kern,Lien Risk Tier: HIGH,Equity / Assessed-Value Indicator: LOW (with disclaimer),Shared remediation: field was a pure equity-ratio proxy labeled as if a lien/title review had been performed,predictive_scorer.py (equity_signal logic),2026-08-08T12:00:00Z,PENDING_RERUN
kern_21123326002_prop_intel_dossier.md,Kern,"**APN**: 211-233-26-00-2 (mislabeled - this is the ATN, not the assessor parcel number)",**Source Identifier**: 211-233-26-00-2 (ATN) / **Assessor APN**: 211-233-26 (NOT_VERIFIED),DOSSIER_QA finding: ATN mislabeled as APN in 245/245 Kern dossiers - see property_model.py and monitor_runs/dossier_qa_report.md Section 1,kern/kern_enrich_docnum_verified.py; property_model.py:atn_to_assessor_parcel_number,2026-08-08T12:00:00Z,PENDING_RERUN
kern_21123326002_prop_intel_dossier.md,Kern,PRIORITY SIGNAL: GOING TO AUCTION in 37 days (2026-09-14 - 2026-09-16),PUBLIC-RECORD SIGNAL: Tax-default / Power-to-Sell public-record indicator; parcel-specific auction status not verified (county auction window ...,DOSSIER_QA finding: overclaimed parcel-specific auction-list confirmation against an unpublished live list - see monitor_runs/dossier_qa_report.md Section 2,report_builder.py (priority_signal_display logic); signal_priority.py,2026-08-08T12:00:00Z,PENDING_RERUN
kern_21123326002_prop_intel_dossier.md,Kern,Lien Risk Tier: HIGH,Equity / Assessed-Value Indicator: LOW (with disclaimer),Shared remediation: field was a pure equity-ratio proxy labeled as if a lien/title review had been performed,predictive_scorer.py (equity_signal logic),2026-08-08T12:00:00Z,PENDING_RERUN
kern_21123327005_prop_intel_dossier.md,Kern,"**APN**: 211-233-27-00-5 (mislabeled - this is the ATN, not the assessor parcel number)",**Source Identifier**: 211-233-27-00-5 (ATN) / **Assessor APN**: 211-233-27 (NOT_VERIFIED),DOSSIER_QA finding: ATN mislabeled as APN in 245/245 Kern dossiers - see property_model.py and monitor_runs/dossier_qa_report.md Section 1,kern/kern_enrich_docnum_verified.py; property_model.py:atn_to_assessor_parcel_number,2026-08-08T12:00:00Z,PENDING_RERUN
kern_21123327005_prop_intel_dossier.md,Kern,PRIORITY SIGNAL: GOING TO AUCTION in 37 days (2026-09-14 - 2026-09-16),PUBLIC-RECORD SIGNAL: Tax-default / Power-to-Sell public-record indicator; parcel-specific auction status not verified (county auction window ...,DOSSIER_QA finding: overclaimed parcel-specific auction-list confirmation against an unpublished live list - see monitor_runs/dossier_qa_report.md Section 2,report_builder.py (priority_signal_display logic); signal_priority.py,2026-08-08T12:00:00Z,PENDING_RERUN
kern_21123327005_prop_intel_dossier.md,Kern,Lien Risk Tier: HIGH,Equity / Assessed-Value Indicator: LOW (with disclaimer),Shared remediation: field was a pure equity-ratio proxy labeled as if a lien/title review had been performed,predictive_scorer.py (equity_signal logic),2026-08-08T12:00:00Z,PENDING_RERUN
kern_21124306007_prop_intel_dossier.md,Kern,"**APN**: 211-243-06-00-7 (mislabeled - this is the ATN, not the assessor parcel number)",**Source Identifier**: 211-243-06-00-7 (ATN) / **Assessor APN**: 211-243-06 (NOT_VERIFIED),DOSSIER_QA finding: ATN mislabeled as APN in 245/245 Kern dossiers - see property_model.py and monitor_runs/dossier_qa_report.md Section 1,kern/kern_enrich_docnum_verified.py; property_model.py:atn_to_assessor_parcel_number,2026-08-08T12:00:00Z,PENDING_RERUN
kern_21124306007_prop_intel_dossier.md,Kern,PRIORITY SIGNAL: GOING TO AUCTION in 37 days (2026-09-14 - 2026-09-16),PUBLIC-RECORD SIGNAL: Tax-default / Power-to-Sell public-record indicator; parcel-specific auction status not verified (county auction window ...,DOSSIER_QA finding: overclaimed parcel-specific auction-list confirmation against an unpublished live list - see monitor_runs/dossier_qa_report.md Section 2,report_builder.py (priority_signal_display logic); signal_priority.py,2026-08-08T12:00:00Z,PENDING_RERUN
kern_21124306007_prop_intel_dossier.md,Kern,Lien Risk Tier: HIGH,Equity / Assessed-Value Indicator: LOW (with disclaimer),Shared remediation: field was a pure equity-ratio proxy labeled as if a lien/title review had been performed,predictive_scorer.py (equity_signal logic),2026-08-08T12:00:00Z,PENDING_RERUN
kern_21125227004_prop_intel_dossier.md,Kern,"**APN**: 211-252-27-00-4 (mislabeled - this is the ATN, not the assessor parcel number)",**Source Identifier**: 211-252-27-00-4 (ATN) / **Assessor APN**: 211-252-27 (NOT_VERIFIED),DOSSIER_QA finding: ATN mislabeled as APN in 245/245 Kern dossiers - see property_model.py and monitor_runs/dossier_qa_report.md Section 1,kern/kern_enrich_docnum_verified.py; property_model.py:atn_to_assessor_parcel_number,2026-08-08T12:00:00Z,PENDING_RERUN
kern_21125227004_prop_intel_dossier.md,Kern,PRIORITY SIGNAL: GOING TO AUCTION in 37 days (2026-09-14 - 2026-09-16),PUBLIC-RECORD SIGNAL: Tax-default / Power-to-Sell public-record indicator; parcel-specific auction status not verified (county auction window ...,DOSSIER_QA finding: overclaimed parcel-specific auction-list confirmation against an unpublished live list - see monitor_runs/dossier_qa_report.md Section 2,report_builder.py (priority_signal_display logic); signal_priority.py,2026-08-08T12:00:00Z,PENDING_RERUN
kern_21125227004_prop_intel_dossier.md,Kern,Lien Risk Tier: HIGH,Equity / Assessed-Value Indicator: LOW (with disclaimer),Shared remediation: field was a pure equity-ratio proxy labeled as if a lien/title review had been performed,predictive_scorer.py (equity_signal logic),2026-08-08T12:00:00Z,PENDING_RERUN
kern_21204201004_prop_intel_dossier.md,Kern,"**APN**: 212-042-01-00-4 (mislabeled - this is the ATN, not the assessor parcel number)",**Source Identifier**: 212-042-01-00-4 (ATN) / **Assessor APN**: 212-042-01 (NOT_VERIFIED),DOSSIER_QA finding: ATN mislabeled as APN in 245/245 Kern dossiers - see property_model.py and monitor_runs/dossier_qa_report.md Section 1,kern/kern_enrich_docnum_verified.py; property_model.py:atn_to_assessor_parcel_number,2026-08-08T12:00:00Z,PENDING_RERUN
kern_21204201004_prop_intel_dossier.md,Kern,PRIORITY SIGNAL: GOING TO AUCTION in 37 days (2026-09-14 - 2026-09-16),PUBLIC-RECORD SIGNAL: Tax-default / Power-to-Sell public-record indicator; parcel-specific auction status not verified (county auction window ...,DOSSIER_QA finding: overclaimed parcel-specific auction-list confirmation against an unpublished live list - see monitor_runs/dossier_qa_report.md Section 2,report_builder.py (priority_signal_display logic); signal_priority.py,2026-08-08T12:00:00Z,PENDING_RERUN
kern_21204201004_prop_intel_dossier.md,Kern,Lien Risk Tier: HIGH,Equity / Assessed-Value Indicator: LOW (with disclaimer),Shared remediation: field was a pure equity-ratio proxy labeled as if a lien/title review had been performed,predictive_scorer.py (equity_signal logic),2026-08-08T12:00:00Z,PENDING_RERUN
kern_21606204007_prop_intel_dossier.md,Kern,"**APN**: 216-062-04-00-7 (mislabeled - this is the ATN, not the assessor parcel number)",**Source Identifier**: 216-062-04-00-7 (ATN) / **Assessor APN**: 216-062-04 (NOT_VERIFIED),DOSSIER_QA finding: ATN mislabeled as APN in 245/245 Kern dossiers - see property_model.py and monitor_runs/dossier_qa_report.md Section 1,kern/kern_enrich_docnum_verified.py; property_model.py:atn_to_assessor_parcel_number,2026-08-08T12:00:00Z,PENDING_RERUN
kern_21606204007_prop_intel_dossier.md,Kern,PRIORITY SIGNAL: GOING TO AUCTION in 37 days (2026-09-14 - 2026-09-16),PUBLIC-RECORD SIGNAL: Tax-default / Power-to-Sell public-record indicator; parcel-specific auction status not verified (county auction window ...,DOSSIER_QA finding: overclaimed parcel-specific auction-list confirmation against an unpublished live list - see monitor_runs/dossier_qa_report.md Section 2,report_builder.py (priority_signal_display logic); signal_priority.py,2026-08-08T12:00:00Z,PENDING_RERUN
kern_21606204007_prop_intel_dossier.md,Kern,Lien Risk Tier: HIGH,Equity / Assessed-Value Indicator: LOW (with disclaimer),Shared remediation: field was a pure equity-ratio proxy labeled as if a lien/title review had been performed,predictive_scorer.py (equity_signal logic),2026-08-08T12:00:00Z,PENDING_RERUN
kern_21607405007_prop_intel_dossier.md,Kern,"**APN**: 216-074-05-00-7 (mislabeled - this is the ATN, not the assessor parcel number)",**Source Identifier**: 216-074-05-00-7 (ATN) / **Assessor APN**: 216-074-05 (NOT_VERIFIED),DOSSIER_QA finding: ATN mislabeled as APN in 245/245 Kern dossiers - see property_model.py and monitor_runs/dossier_qa_report.md Section 1,kern/kern_enrich_docnum_verified.py; property_model.py:atn_to_assessor_parcel_number,2026-08-08T12:00:00Z,PENDING_RERUN
kern_21607405007_prop_intel_dossier.md,Kern,PRIORITY SIGNAL: GOING TO AUCTION in 37 days (2026-09-14 - 2026-09-16),PUBLIC-RECORD SIGNAL: Tax-default / Power-to-Sell public-record indicator; parcel-specific auction status not verified (county auction window ...,DOSSIER_QA finding: overclaimed parcel-specific auction-list confirmation against an unpublished live list - see monitor_runs/dossier_qa_report.md Section 2,report_builder.py (priority_signal_display logic); signal_priority.py,2026-08-08T12:00:00Z,PENDING_RERUN
kern_21607405007_prop_intel_dossier.md,Kern,Lien Risk Tier: HIGH,Equity / Assessed-Value Indicator: LOW (with disclaimer),Shared remediation: field was a pure equity-ratio proxy labeled as if a lien/title review had been performed,predictive_scorer.py (equity_signal logic),2026-08-08T12:00:00Z,PENDING_RERUN
kern_21807244000_prop_intel_dossier.md,Kern,"**APN**: 218-072-44-00-0 (mislabeled - this is the ATN, not the assessor parcel number)",**Source Identifier**: 218-072-44-00-0 (ATN) / **Assessor APN**: 218-072-44 (NOT_VERIFIED),DOSSIER_QA finding: ATN mislabeled as APN in 245/245 Kern dossiers - see property_model.py and monitor_runs/dossier_qa_report.md Section 1,kern/kern_enrich_docnum_verified.py; property_model.py:atn_to_assessor_parcel_number,2026-08-08T12:00:00Z,PENDING_RERUN
kern_21807244000_prop_intel_dossier.md,Kern,PRIORITY SIGNAL: GOING TO AUCTION in 37 days (2026-09-14 - 2026-09-16),PUBLIC-RECORD SIGNAL: Tax-default / Power-to-Sell public-record indicator; parcel-specific auction status not verified (county auction window ...,DOSSIER_QA finding: overclaimed parcel-specific auction-list confirmation against an unpublished live list - see monitor_runs/dossier_qa_report.md Section 2,report_builder.py (priority_signal_display logic); signal_priority.py,2026-08-08T12:00:00Z,PENDING_RERUN
kern_21807244000_prop_intel_dossier.md,Kern,Lien Risk Tier: HIGH,Equity / Assessed-Value Indicator: LOW (with disclaimer),Shared remediation: field was a pure equity-ratio proxy labeled as if a lien/title review had been performed,predictive_scorer.py (equity_signal logic),2026-08-08T12:00:00Z,PENDING_RERUN
kern_21809109008_prop_intel_dossier.md,Kern,"**APN**: 218-091-09-00-8 (mislabeled - this is the ATN, not the assessor parcel number)",**Source Identifier**: 218-091-09-00-8 (ATN) / **Assessor APN**: 218-091-09 (NOT_VERIFIED),DOSSIER_QA finding: ATN mislabeled as APN in 245/245 Kern dossiers - see property_model.py and monitor_runs/dossier_qa_report.md Section 1,kern/kern_enrich_docnum_verified.py; property_model.py:atn_to_assessor_parcel_number,2026-08-08T12:00:00Z,PENDING_RERUN
kern_21809109008_prop_intel_dossier.md,Kern,PRIORITY SIGNAL: GOING TO AUCTION in 37 days (2026-09-14 - 2026-09-16),PUBLIC-RECORD SIGNAL: Tax-default / Power-to-Sell public-record indicator; parcel-specific auction status not verified (county auction window ...,DOSSIER_QA finding: overclaimed parcel-specific auction-list confirmation against an unpublished live list - see monitor_runs/dossier_qa_report.md Section 2,report_builder.py (priority_signal_display logic); signal_priority.py,2026-08-08T12:00:00Z,PENDING_RERUN
kern_21809109008_prop_intel_dossier.md,Kern,Lien Risk Tier: HIGH,Equity / Assessed-Value Indicator: LOW (with disclaimer),Shared remediation: field was a pure equity-ratio proxy labeled as if a lien/title review had been performed,predictive_scorer.py (equity_signal logic),2026-08-08T12:00:00Z,PENDING_RERUN
kern_21814205007_prop_intel_dossier.md,Kern,"**APN**: 218-142-05-00-7 (mislabeled - this is the ATN, not the assessor parcel number)",**Source Identifier**: 218-142-05-00-7 (ATN) / **Assessor APN**: 218-142-05 (NOT_VERIFIED),DOSSIER_QA finding: ATN mislabeled as APN in 245/245 Kern dossiers - see property_model.py and monitor_runs/dossier_qa_report.md Section 1,kern/kern_enrich_docnum_verified.py; property_model.py:atn_to_assessor_parcel_number,2026-08-08T12:00:00Z,PENDING_RERUN
kern_21814205007_prop_intel_dossier.md,Kern,PRIORITY SIGNAL: GOING TO AUCTION in 37 days (2026-09-14 - 2026-09-16),PUBLIC-RECORD SIGNAL: Tax-default / Power-to-Sell public-record indicator; parcel-specific auction status not verified (county auction window ...,DOSSIER_QA finding: overclaimed parcel-specific auction-list confirmation against an unpublished live list - see monitor_runs/dossier_qa_report.md Section 2,report_builder.py (priority_signal_display logic); signal_priority.py,2026-08-08T12:00:00Z,PENDING_RERUN
kern_21814205007_prop_intel_dossier.md,Kern,Lien Risk Tier: HIGH,Equity / Assessed-Value Indicator: LOW (with disclaimer),Shared remediation: field was a pure equity-ratio proxy labeled as if a lien/title review had been performed,predictive_scorer.py (equity_signal logic),2026-08-08T12:00:00Z,PENDING_RERUN
kern_21816305000_prop_intel_dossier.md,Kern,"**APN**: 218-163-05-00-0 (mislabeled - this is the ATN, not the assessor parcel number)",**Source Identifier**: 218-163-05-00-0 (ATN) / **Assessor APN**: 218-163-05 (NOT_VERIFIED),DOSSIER_QA finding: ATN mislabeled as APN in 245/245 Kern dossiers - see property_model.py and monitor_runs/dossier_qa_report.md Section 1,kern/kern_enrich_docnum_verified.py; property_model.py:atn_to_assessor_parcel_number,2026-08-08T12:00:00Z,PENDING_RERUN
kern_21816305000_prop_intel_dossier.md,Kern,PRIORITY SIGNAL: GOING TO AUCTION in 37 days (2026-09-14 - 2026-09-16),PUBLIC-RECORD SIGNAL: Tax-default / Power-to-Sell public-record indicator; parcel-specific auction status not verified (county auction window ...,DOSSIER_QA finding: overclaimed parcel-specific auction-list confirmation against an unpublished live list - see monitor_runs/dossier_qa_report.md Section 2,report_builder.py (priority_signal_display logic); signal_priority.py,2026-08-08T12:00:00Z,PENDING_RERUN
kern_21816305000_prop_intel_dossier.md,Kern,Lien Risk Tier: HIGH,Equity / Assessed-Value Indicator: LOW (with disclaimer),Shared remediation: field was a pure equity-ratio proxy labeled as if a lien/title review had been performed,predictive_scorer.py (equity_signal logic),2026-08-08T12:00:00Z,PENDING_RERUN
kern_21820113000_prop_intel_dossier.md,Kern,"**APN**: 218-201-13-00-0 (mislabeled - this is the ATN, not the assessor parcel number)",**Source Identifier**: 218-201-13-00-0 (ATN) / **Assessor APN**: 218-201-13 (NOT_VERIFIED),DOSSIER_QA finding: ATN mislabeled as APN in 245/245 Kern dossiers - see property_model.py and monitor_runs/dossier_qa_report.md Section 1,kern/kern_enrich_docnum_verified.py; property_model.py:atn_to_assessor_parcel_number,2026-08-08T12:00:00Z,PENDING_RERUN
kern_21820113000_prop_intel_dossier.md,Kern,PRIORITY SIGNAL: GOING TO AUCTION in 37 days (2026-09-14 - 2026-09-16),PUBLIC-RECORD SIGNAL: Tax-default / Power-to-Sell public-record indicator; parcel-specific auction status not verified (county auction window ...,DOSSIER_QA finding: overclaimed parcel-specific auction-list confirmation against an unpublished live list - see monitor_runs/dossier_qa_report.md Section 2,report_builder.py (priority_signal_display logic); signal_priority.py,2026-08-08T12:00:00Z,PENDING_RERUN
kern_21820113000_prop_intel_dossier.md,Kern,Lien Risk Tier: HIGH,Equity / Assessed-Value Indicator: LOW (with disclaimer),Shared remediation: field was a pure equity-ratio proxy labeled as if a lien/title review had been performed,predictive_scorer.py (equity_signal logic),2026-08-08T12:00:00Z,PENDING_RERUN
kern_21821207003_prop_intel_dossier.md,Kern,"**APN**: 218-212-07-00-3 (mislabeled - this is the ATN, not the assessor parcel number)",**Source Identifier**: 218-212-07-00-3 (ATN) / **Assessor APN**: 218-212-07 (NOT_VERIFIED),DOSSIER_QA finding: ATN mislabeled as APN in 245/245 Kern dossiers - see property_model.py and monitor_runs/dossier_qa_report.md Section 1,kern/kern_enrich_docnum_verified.py; property_model.py:atn_to_assessor_parcel_number,2026-08-08T12:00:00Z,PENDING_RERUN
kern_21821207003_prop_intel_dossier.md,Kern,PRIORITY SIGNAL: GOING TO AUCTION in 37 days (2026-09-14 - 2026-09-16),PUBLIC-RECORD SIGNAL: Tax-default / Power-to-Sell public-record indicator; parcel-specific auction status not verified (county auction window ...,DOSSIER_QA finding: overclaimed parcel-specific auction-list confirmation against an unpublished live list - see monitor_runs/dossier_qa_report.md Section 2,report_builder.py (priority_signal_display logic); signal_priority.py,2026-08-08T12:00:00Z,PENDING_RERUN
kern_21821207003_prop_intel_dossier.md,Kern,Lien Risk Tier: HIGH,Equity / Assessed-Value Indicator: LOW (with disclaimer),Shared remediation: field was a pure equity-ratio proxy labeled as if a lien/title review had been performed,predictive_scorer.py (equity_signal logic),2026-08-08T12:00:00Z,PENDING_RERUN
kern_21821301002_prop_intel_dossier.md,Kern,"**APN**: 218-213-01-00-2 (mislabeled - this is the ATN, not the assessor parcel number)",**Source Identifier**: 218-213-01-00-2 (ATN) / **Assessor APN**: 218-213-01 (NOT_VERIFIED),DOSSIER_QA finding: ATN mislabeled as APN in 245/245 Kern dossiers - see property_model.py and monitor_runs/dossier_qa_report.md Section 1,kern/kern_enrich_docnum_verified.py; property_model.py:atn_to_assessor_parcel_number,2026-08-08T12:00:00Z,PENDING_RERUN
kern_21821301002_prop_intel_dossier.md,Kern,PRIORITY SIGNAL: GOING TO AUCTION in 37 days (2026-09-14 - 2026-09-16),PUBLIC-RECORD SIGNAL: Tax-default / Power-to-Sell public-record indicator; parcel-specific auction status not verified (county auction window ...,DOSSIER_QA finding: overclaimed parcel-specific auction-list confirmation against an unpublished live list - see monitor_runs/dossier_qa_report.md Section 2,report_builder.py (priority_signal_display logic); signal_priority.py,2026-08-08T12:00:00Z,PENDING_RERUN
kern_21821301002_prop_intel_dossier.md,Kern,Lien Risk Tier: HIGH,Equity / Assessed-Value Indicator: LOW (with disclaimer),Shared remediation: field was a pure equity-ratio proxy labeled as if a lien/title review had been performed,predictive_scorer.py (equity_signal logic),2026-08-08T12:00:00Z,PENDING_RERUN
kern_21831116001_prop_intel_dossier.md,Kern,"**APN**: 218-311-16-00-1 (mislabeled - this is the ATN, not the assessor parcel number)",**Source Identifier**: 218-311-16-00-1 (ATN) / **Assessor APN**: 218-311-16 (NOT_VERIFIED),DOSSIER_QA finding: ATN mislabeled as APN in 245/245 Kern dossiers - see property_model.py and monitor_runs/dossier_qa_report.md Section 1,kern/kern_enrich_docnum_verified.py; property_model.py:atn_to_assessor_parcel_number,2026-08-08T12:00:00Z,PENDING_RERUN
kern_21831116001_prop_intel_dossier.md,Kern,PRIORITY SIGNAL: GOING TO AUCTION in 37 days (2026-09-14 - 2026-09-16),PUBLIC-RECORD SIGNAL: Tax-default / Power-to-Sell public-record indicator; parcel-specific auction status not verified (county auction window ...,DOSSIER_QA finding: overclaimed parcel-specific auction-list confirmation against an unpublished live list - see monitor_runs/dossier_qa_report.md Section 2,report_builder.py (priority_signal_display logic); signal_priority.py,2026-08-08T12:00:00Z,PENDING_RERUN
kern_21831116001_prop_intel_dossier.md,Kern,Lien Risk Tier: HIGH,Equity / Assessed-Value Indicator: LOW (with disclaimer),Shared remediation: field was a pure equity-ratio proxy labeled as if a lien/title review had been performed,predictive_scorer.py (equity_signal logic),2026-08-08T12:00:00Z,PENDING_RERUN
kern_21831302004_prop_intel_dossier.md,Kern,"**APN**: 218-313-02-00-4 (mislabeled - this is the ATN, not the assessor parcel number)",**Source Identifier**: 218-313-02-00-4 (ATN) / **Assessor APN**: 218-313-02 (NOT_VERIFIED),DOSSIER_QA finding: ATN mislabeled as APN in 245/245 Kern dossiers - see property_model.py and monitor_runs/dossier_qa_report.md Section 1,kern/kern_enrich_docnum_verified.py; property_model.py:atn_to_assessor_parcel_number,2026-08-08T12:00:00Z,PENDING_RERUN
kern_21831302004_prop_intel_dossier.md,Kern,PRIORITY SIGNAL: GOING TO AUCTION in 37 days (2026-09-14 - 2026-09-16),PUBLIC-RECORD SIGNAL: Tax-default / Power-to-Sell public-record indicator; parcel-specific auction status not verified (county auction window ...,DOSSIER_QA finding: overclaimed parcel-specific auction-list confirmation against an unpublished live list - see monitor_runs/dossier_qa_report.md Section 2,report_builder.py (priority_signal_display logic); signal_priority.py,2026-08-08T12:00:00Z,PENDING_RERUN
kern_21831302004_prop_intel_dossier.md,Kern,Lien Risk Tier: HIGH,Equity / Assessed-Value Indicator: LOW (with disclaimer),Shared remediation: field was a pure equity-ratio proxy labeled as if a lien/title review had been performed,predictive_scorer.py (equity_signal logic),2026-08-08T12:00:00Z,PENDING_RERUN
kern_21904311009_prop_intel_dossier.md,Kern,"**APN**: 219-043-11-00-9 (mislabeled - this is the ATN, not the assessor parcel number)",**Source Identifier**: 219-043-11-00-9 (ATN) / **Assessor APN**: 219-043-11 (NOT_VERIFIED),DOSSIER_QA finding: ATN mislabeled as APN in 245/245 Kern dossiers - see property_model.py and monitor_runs/dossier_qa_report.md Section 1,kern/kern_enrich_docnum_verified.py; property_model.py:atn_to_assessor_parcel_number,2026-08-08T12:00:00Z,PENDING_RERUN
kern_21904311009_prop_intel_dossier.md,Kern,PRIORITY SIGNAL: GOING TO AUCTION in 37 days (2026-09-14 - 2026-09-16),PUBLIC-RECORD SIGNAL: Tax-default / Power-to-Sell public-record indicator; parcel-specific auction status not verified (county auction window ...,DOSSIER_QA finding: overclaimed parcel-specific auction-list confirmation against an unpublished live list - see monitor_runs/dossier_qa_report.md Section 2,report_builder.py (priority_signal_display logic); signal_priority.py,2026-08-08T12:00:00Z,PENDING_RERUN
kern_21904311009_prop_intel_dossier.md,Kern,Lien Risk Tier: HIGH,Equity / Assessed-Value Indicator: LOW (with disclaimer),Shared remediation: field was a pure equity-ratio proxy labeled as if a lien/title review had been performed,predictive_scorer.py (equity_signal logic),2026-08-08T12:00:00Z,PENDING_RERUN
kern_21908205007_prop_intel_dossier.md,Kern,"**APN**: 219-082-05-00-7 (mislabeled - this is the ATN, not the assessor parcel number)",**Source Identifier**: 219-082-05-00-7 (ATN) / **Assessor APN**: 219-082-05 (NOT_VERIFIED),DOSSIER_QA finding: ATN mislabeled as APN in 245/245 Kern dossiers - see property_model.py and monitor_runs/dossier_qa_report.md Section 1,kern/kern_enrich_docnum_verified.py; property_model.py:atn_to_assessor_parcel_number,2026-08-08T12:00:00Z,PENDING_RERUN
kern_21908205007_prop_intel_dossier.md,Kern,PRIORITY SIGNAL: GOING TO AUCTION in 37 days (2026-09-14 - 2026-09-16),PUBLIC-RECORD SIGNAL: Tax-default / Power-to-Sell public-record indicator; parcel-specific auction status not verified (county auction window ...,DOSSIER_QA finding: overclaimed parcel-specific auction-list confirmation against an unpublished live list - see monitor_runs/dossier_qa_report.md Section 2,report_builder.py (priority_signal_display logic); signal_priority.py,2026-08-08T12:00:00Z,PENDING_RERUN
kern_21908205007_prop_intel_dossier.md,Kern,Lien Risk Tier: HIGH,Equity / Assessed-Value Indicator: LOW (with disclaimer),Shared remediation: field was a pure equity-ratio proxy labeled as if a lien/title review had been performed,predictive_scorer.py (equity_signal logic),2026-08-08T12:00:00Z,PENDING_RERUN
kern_22457001001_prop_intel_dossier.md,Kern,"**APN**: 224-570-01-00-1 (mislabeled - this is the ATN, not the assessor parcel number)",**Source Identifier**: 224-570-01-00-1 (ATN) / **Assessor APN**: 224-570-01 (NOT_VERIFIED),DOSSIER_QA finding: ATN mislabeled as APN in 245/245 Kern dossiers - see property_model.py and monitor_runs/dossier_qa_report.md Section 1,kern/kern_enrich_docnum_verified.py; property_model.py:atn_to_assessor_parcel_number,2026-08-08T12:00:00Z,PENDING_RERUN
kern_22457001001_prop_intel_dossier.md,Kern,PRIORITY SIGNAL: GOING TO AUCTION in 37 days (2026-09-14 - 2026-09-16),PUBLIC-RECORD SIGNAL: Tax-default / Power-to-Sell public-record indicator; parcel-specific auction status not verified (county auction window ...,DOSSIER_QA finding: overclaimed parcel-specific auction-list confirmation against an unpublished live list - see monitor_runs/dossier_qa_report.md Section 2,report_builder.py (priority_signal_display logic); signal_priority.py,2026-08-08T12:00:00Z,PENDING_RERUN
kern_22457001001_prop_intel_dossier.md,Kern,Lien Risk Tier: LOW,Equity / Assessed-Value Indicator: HIGH (with disclaimer),Shared remediation: field was a pure equity-ratio proxy labeled as if a lien/title review had been performed,predictive_scorer.py (equity_signal logic),2026-08-08T12:00:00Z,PENDING_RERUN
kern_22514219000_prop_intel_dossier.md,Kern,"**APN**: 225-142-19-00-0 (mislabeled - this is the ATN, not the assessor parcel number)",**Source Identifier**: 225-142-19-00-0 (ATN) / **Assessor APN**: 225-142-19 (NOT_VERIFIED),DOSSIER_QA finding: ATN mislabeled as APN in 245/245 Kern dossiers - see property_model.py and monitor_runs/dossier_qa_report.md Section 1,kern/kern_enrich_docnum_verified.py; property_model.py:atn_to_assessor_parcel_number,2026-08-08T12:00:00Z,PENDING_RERUN
kern_22514219000_prop_intel_dossier.md,Kern,PRIORITY SIGNAL: GOING TO AUCTION in 37 days (2026-09-14 - 2026-09-16),PUBLIC-RECORD SIGNAL: Tax-default / Power-to-Sell public-record indicator; parcel-specific auction status not verified (county auction window ...,DOSSIER_QA finding: overclaimed parcel-specific auction-list confirmation against an unpublished live list - see monitor_runs/dossier_qa_report.md Section 2,report_builder.py (priority_signal_display logic); signal_priority.py,2026-08-08T12:00:00Z,PENDING_RERUN
kern_22514219000_prop_intel_dossier.md,Kern,Lien Risk Tier: HIGH,Equity / Assessed-Value Indicator: LOW (with disclaimer),Shared remediation: field was a pure equity-ratio proxy labeled as if a lien/title review had been performed,predictive_scorer.py (equity_signal logic),2026-08-08T12:00:00Z,PENDING_RERUN
kern_22523120001_prop_intel_dossier.md,Kern,"**APN**: 225-231-20-00-1 (mislabeled - this is the ATN, not the assessor parcel number)",**Source Identifier**: 225-231-20-00-1 (ATN) / **Assessor APN**: 225-231-20 (NOT_VERIFIED),DOSSIER_QA finding: ATN mislabeled as APN in 245/245 Kern dossiers - see property_model.py and monitor_runs/dossier_qa_report.md Section 1,kern/kern_enrich_docnum_verified.py; property_model.py:atn_to_assessor_parcel_number,2026-08-08T12:00:00Z,PENDING_RERUN
kern_22523120001_prop_intel_dossier.md,Kern,PRIORITY SIGNAL: GOING TO AUCTION in 37 days (2026-09-14 - 2026-09-16),PUBLIC-RECORD SIGNAL: Tax-default / Power-to-Sell public-record indicator; parcel-specific auction status not verified (county auction window ...,DOSSIER_QA finding: overclaimed parcel-specific auction-list confirmation against an unpublished live list - see monitor_runs/dossier_qa_report.md Section 2,report_builder.py (priority_signal_display logic); signal_priority.py,2026-08-08T12:00:00Z,PENDING_RERUN
kern_22523120001_prop_intel_dossier.md,Kern,Lien Risk Tier: HIGH,Equity / Assessed-Value Indicator: LOW (with disclaimer),Shared remediation: field was a pure equity-ratio proxy labeled as if a lien/title review had been performed,predictive_scorer.py (equity_signal logic),2026-08-08T12:00:00Z,PENDING_RERUN
kern_22530402000_prop_intel_dossier.md,Kern,"**APN**: 225-304-02-00-0 (mislabeled - this is the ATN, not the assessor parcel number)",**Source Identifier**: 225-304-02-00-0 (ATN) / **Assessor APN**: 225-304-02 (NOT_VERIFIED),DOSSIER_QA finding: ATN mislabeled as APN in 245/245 Kern dossiers - see property_model.py and monitor_runs/dossier_qa_report.md Section 1,kern/kern_enrich_docnum_verified.py; property_model.py:atn_to_assessor_parcel_number,2026-08-08T12:00:00Z,PENDING_RERUN
kern_22530402000_prop_intel_dossier.md,Kern,PRIORITY SIGNAL: GOING TO AUCTION in 37 days (2026-09-14 - 2026-09-16),PUBLIC-RECORD SIGNAL: Tax-default / Power-to-Sell public-record indicator; parcel-specific auction status not verified (county auction window ...,DOSSIER_QA finding: overclaimed parcel-specific auction-list confirmation against an unpublished live list - see monitor_runs/dossier_qa_report.md Section 2,report_builder.py (priority_signal_display logic); signal_priority.py,2026-08-08T12:00:00Z,PENDING_RERUN
kern_22530402000_prop_intel_dossier.md,Kern,Lien Risk Tier: HIGH,Equity / Assessed-Value Indicator: LOW (with disclaimer),Shared remediation: field was a pure equity-ratio proxy labeled as if a lien/title review had been performed,predictive_scorer.py (equity_signal logic),2026-08-08T12:00:00Z,PENDING_RERUN
kern_22811051000_prop_intel_dossier.md,Kern,"**APN**: 228-110-51-00-0 (mislabeled - this is the ATN, not the assessor parcel number)",**Source Identifier**: 228-110-51-00-0 (ATN) / **Assessor APN**: 228-110-51 (NOT_VERIFIED),DOSSIER_QA finding: ATN mislabeled as APN in 245/245 Kern dossiers - see property_model.py and monitor_runs/dossier_qa_report.md Section 1,kern/kern_enrich_docnum_verified.py; property_model.py:atn_to_assessor_parcel_number,2026-08-08T12:00:00Z,PENDING_RERUN
kern_22811051000_prop_intel_dossier.md,Kern,PRIORITY SIGNAL: GOING TO AUCTION in 37 days (2026-09-14 - 2026-09-16),PUBLIC-RECORD SIGNAL: Tax-default / Power-to-Sell public-record indicator; parcel-specific auction status not verified (county auction window ...,DOSSIER_QA finding: overclaimed parcel-specific auction-list confirmation against an unpublished live list - see monitor_runs/dossier_qa_report.md Section 2,report_builder.py (priority_signal_display logic); signal_priority.py,2026-08-08T12:00:00Z,PENDING_RERUN
kern_22811051000_prop_intel_dossier.md,Kern,Lien Risk Tier: HIGH,Equity / Assessed-Value Indicator: LOW (with disclaimer),Shared remediation: field was a pure equity-ratio proxy labeled as if a lien/title review had been performed,predictive_scorer.py (equity_signal logic),2026-08-08T12:00:00Z,PENDING_RERUN
kern_22811053006_prop_intel_dossier.md,Kern,"**APN**: 228-110-53-00-6 (mislabeled - this is the ATN, not the assessor parcel number)",**Source Identifier**: 228-110-53-00-6 (ATN) / **Assessor APN**: 228-110-53 (NOT_VERIFIED),DOSSIER_QA finding: ATN mislabeled as APN in 245/245 Kern dossiers - see property_model.py and monitor_runs/dossier_qa_report.md Section 1,kern/kern_enrich_docnum_verified.py; property_model.py:atn_to_assessor_parcel_number,2026-08-08T12:00:00Z,PENDING_RERUN
kern_22811053006_prop_intel_dossier.md,Kern,PRIORITY SIGNAL: GOING TO AUCTION in 37 days (2026-09-14 - 2026-09-16),PUBLIC-RECORD SIGNAL: Tax-default / Power-to-Sell public-record indicator; parcel-specific auction status not verified (county auction window ...,DOSSIER_QA finding: overclaimed parcel-specific auction-list confirmation against an unpublished live list - see monitor_runs/dossier_qa_report.md Section 2,report_builder.py (priority_signal_display logic); signal_priority.py,2026-08-08T12:00:00Z,PENDING_RERUN
kern_22811053006_prop_intel_dossier.md,Kern,Lien Risk Tier: HIGH,Equity / Assessed-Value Indicator: LOW (with disclaimer),Shared remediation: field was a pure equity-ratio proxy labeled as if a lien/title review had been performed,predictive_scorer.py (equity_signal logic),2026-08-08T12:00:00Z,PENDING_RERUN
kern_22813058007_prop_intel_dossier.md,Kern,"**APN**: 228-130-58-00-7 (mislabeled - this is the ATN, not the assessor parcel number)",**Source Identifier**: 228-130-58-00-7 (ATN) / **Assessor APN**: 228-130-58 (NOT_VERIFIED),DOSSIER_QA finding: ATN mislabeled as APN in 245/245 Kern dossiers - see property_model.py and monitor_runs/dossier_qa_report.md Section 1,kern/kern_enrich_docnum_verified.py; property_model.py:atn_to_assessor_parcel_number,2026-08-08T12:00:00Z,PENDING_RERUN
kern_22813058007_prop_intel_dossier.md,Kern,PRIORITY SIGNAL: GOING TO AUCTION in 37 days (2026-09-14 - 2026-09-16),PUBLIC-RECORD SIGNAL: Tax-default / Power-to-Sell public-record indicator; parcel-specific auction status not verified (county auction window ...,DOSSIER_QA finding: overclaimed parcel-specific auction-list confirmation against an unpublished live list - see monitor_runs/dossier_qa_report.md Section 2,report_builder.py (priority_signal_display logic); signal_priority.py,2026-08-08T12:00:00Z,PENDING_RERUN
kern_22813058007_prop_intel_dossier.md,Kern,Lien Risk Tier: HIGH,Equity / Assessed-Value Indicator: LOW (with disclaimer),Shared remediation: field was a pure equity-ratio proxy labeled as if a lien/title review had been performed,predictive_scorer.py (equity_signal logic),2026-08-08T12:00:00Z,PENDING_RERUN
kern_22815049007_prop_intel_dossier.md,Kern,"**APN**: 228-150-49-00-7 (mislabeled - this is the ATN, not the assessor parcel number)",**Source Identifier**: 228-150-49-00-7 (ATN) / **Assessor APN**: 228-150-49 (NOT_VERIFIED),DOSSIER_QA finding: ATN mislabeled as APN in 245/245 Kern dossiers - see property_model.py and monitor_runs/dossier_qa_report.md Section 1,kern/kern_enrich_docnum_verified.py; property_model.py:atn_to_assessor_parcel_number,2026-08-08T12:00:00Z,PENDING_RERUN
kern_22815049007_prop_intel_dossier.md,Kern,PRIORITY SIGNAL: GOING TO AUCTION in 37 days (2026-09-14 - 2026-09-16),PUBLIC-RECORD SIGNAL: Tax-default / Power-to-Sell public-record indicator; parcel-specific auction status not verified (county auction window ...,DOSSIER_QA finding: overclaimed parcel-specific auction-list confirmation against an unpublished live list - see monitor_runs/dossier_qa_report.md Section 2,report_builder.py (priority_signal_display logic); signal_priority.py,2026-08-08T12:00:00Z,PENDING_RERUN
kern_22815049007_prop_intel_dossier.md,Kern,Lien Risk Tier: MEDIUM,Equity / Assessed-Value Indicator: MEDIUM (with disclaimer),Shared remediation: field was a pure equity-ratio proxy labeled as if a lien/title review had been performed,predictive_scorer.py (equity_signal logic),2026-08-08T12:00:00Z,PENDING_RERUN
kern_22816222014_prop_intel_dossier.md,Kern,"**APN**: 228-162-22-01-4 (mislabeled - this is the ATN, not the assessor parcel number)",**Source Identifier**: 228-162-22-01-4 (ATN) / **Assessor APN**: 228-162-22 (NOT_VERIFIED),DOSSIER_QA finding: ATN mislabeled as APN in 245/245 Kern dossiers - see property_model.py and monitor_runs/dossier_qa_report.md Section 1,kern/kern_enrich_docnum_verified.py; property_model.py:atn_to_assessor_parcel_number,2026-08-08T12:00:00Z,PENDING_RERUN
kern_22816222014_prop_intel_dossier.md,Kern,PRIORITY SIGNAL: GOING TO AUCTION in 37 days (2026-09-14 - 2026-09-16),PUBLIC-RECORD SIGNAL: Tax-default / Power-to-Sell public-record indicator; parcel-specific auction status not verified (county auction window ...,DOSSIER_QA finding: overclaimed parcel-specific auction-list confirmation against an unpublished live list - see monitor_runs/dossier_qa_report.md Section 2,report_builder.py (priority_signal_display logic); signal_priority.py,2026-08-08T12:00:00Z,PENDING_RERUN
kern_22816222014_prop_intel_dossier.md,Kern,Lien Risk Tier: HIGH,Equity / Assessed-Value Indicator: LOW (with disclaimer),Shared remediation: field was a pure equity-ratio proxy labeled as if a lien/title review had been performed,predictive_scorer.py (equity_signal logic),2026-08-08T12:00:00Z,PENDING_RERUN
kern_22820065007_prop_intel_dossier.md,Kern,"**APN**: 228-200-65-00-7 (mislabeled - this is the ATN, not the assessor parcel number)",**Source Identifier**: 228-200-65-00-7 (ATN) / **Assessor APN**: 228-200-65 (NOT_VERIFIED),DOSSIER_QA finding: ATN mislabeled as APN in 245/245 Kern dossiers - see property_model.py and monitor_runs/dossier_qa_report.md Section 1,kern/kern_enrich_docnum_verified.py; property_model.py:atn_to_assessor_parcel_number,2026-08-08T12:00:00Z,PENDING_RERUN
kern_22820065007_prop_intel_dossier.md,Kern,PRIORITY SIGNAL: GOING TO AUCTION in 37 days (2026-09-14 - 2026-09-16),PUBLIC-RECORD SIGNAL: Tax-default / Power-to-Sell public-record indicator; parcel-specific auction status not verified (county auction window ...,DOSSIER_QA finding: overclaimed parcel-specific auction-list confirmation against an unpublished live list - see monitor_runs/dossier_qa_report.md Section 2,report_builder.py (priority_signal_display logic); signal_priority.py,2026-08-08T12:00:00Z,PENDING_RERUN
kern_22820065007_prop_intel_dossier.md,Kern,Lien Risk Tier: HIGH,Equity / Assessed-Value Indicator: LOW (with disclaimer),Shared remediation: field was a pure equity-ratio proxy labeled as if a lien/title review had been performed,predictive_scorer.py (equity_signal logic),2026-08-08T12:00:00Z,PENDING_RERUN
kern_22832131000_prop_intel_dossier.md,Kern,"**APN**: 228-321-31-00-0 (mislabeled - this is the ATN, not the assessor parcel number)",**Source Identifier**: 228-321-31-00-0 (ATN) / **Assessor APN**: 228-321-31 (NOT_VERIFIED),DOSSIER_QA finding: ATN mislabeled as APN in 245/245 Kern dossiers - see property_model.py and monitor_runs/dossier_qa_report.md Section 1,kern/kern_enrich_docnum_verified.py; property_model.py:atn_to_assessor_parcel_number,2026-08-08T12:00:00Z,PENDING_RERUN
kern_22832131000_prop_intel_dossier.md,Kern,PRIORITY SIGNAL: GOING TO AUCTION in 37 days (2026-09-14 - 2026-09-16),PUBLIC-RECORD SIGNAL: Tax-default / Power-to-Sell public-record indicator; parcel-specific auction status not verified (county auction window ...,DOSSIER_QA finding: overclaimed parcel-specific auction-list confirmation against an unpublished live list - see monitor_runs/dossier_qa_report.md Section 2,report_builder.py (priority_signal_display logic); signal_priority.py,2026-08-08T12:00:00Z,PENDING_RERUN
kern_22832131000_prop_intel_dossier.md,Kern,Lien Risk Tier: HIGH,Equity / Assessed-Value Indicator: LOW (with disclaimer),Shared remediation: field was a pure equity-ratio proxy labeled as if a lien/title review had been performed,predictive_scorer.py (equity_signal logic),2026-08-08T12:00:00Z,PENDING_RERUN
kern_23006118005_prop_intel_dossier.md,Kern,"**APN**: 230-061-18-00-5 (mislabeled - this is the ATN, not the assessor parcel number)",**Source Identifier**: 230-061-18-00-5 (ATN) / **Assessor APN**: 230-061-18 (NOT_VERIFIED),DOSSIER_QA finding: ATN mislabeled as APN in 245/245 Kern dossiers - see property_model.py and monitor_runs/dossier_qa_report.md Section 1,kern/kern_enrich_docnum_verified.py; property_model.py:atn_to_assessor_parcel_number,2026-08-08T12:00:00Z,PENDING_RERUN
kern_23006118005_prop_intel_dossier.md,Kern,PRIORITY SIGNAL: GOING TO AUCTION in 37 days (2026-09-14 - 2026-09-16),PUBLIC-RECORD SIGNAL: Tax-default / Power-to-Sell public-record indicator; parcel-specific auction status not verified (county auction window ...,DOSSIER_QA finding: overclaimed parcel-specific auction-list confirmation against an unpublished live list - see monitor_runs/dossier_qa_report.md Section 2,report_builder.py (priority_signal_display logic); signal_priority.py,2026-08-08T12:00:00Z,PENDING_RERUN
kern_23006118005_prop_intel_dossier.md,Kern,Lien Risk Tier: LOW,Equity / Assessed-Value Indicator: HIGH (with disclaimer),Shared remediation: field was a pure equity-ratio proxy labeled as if a lien/title review had been performed,predictive_scorer.py (equity_signal logic),2026-08-08T12:00:00Z,PENDING_RERUN
kern_23211112005_prop_intel_dossier.md,Kern,"**APN**: 232-111-12-00-5 (mislabeled - this is the ATN, not the assessor parcel number)",**Source Identifier**: 232-111-12-00-5 (ATN) / **Assessor APN**: 232-111-12 (NOT_VERIFIED),DOSSIER_QA finding: ATN mislabeled as APN in 245/245 Kern dossiers - see property_model.py and monitor_runs/dossier_qa_report.md Section 1,kern/kern_enrich_docnum_verified.py; property_model.py:atn_to_assessor_parcel_number,2026-08-08T12:00:00Z,PENDING_RERUN
kern_23211112005_prop_intel_dossier.md,Kern,PRIORITY SIGNAL: GOING TO AUCTION in 37 days (2026-09-14 - 2026-09-16),PUBLIC-RECORD SIGNAL: Tax-default / Power-to-Sell public-record indicator; parcel-specific auction status not verified (county auction window ...,DOSSIER_QA finding: overclaimed parcel-specific auction-list confirmation against an unpublished live list - see monitor_runs/dossier_qa_report.md Section 2,report_builder.py (priority_signal_display logic); signal_priority.py,2026-08-08T12:00:00Z,PENDING_RERUN
kern_23211112005_prop_intel_dossier.md,Kern,Lien Risk Tier: HIGH,Equity / Assessed-Value Indicator: LOW (with disclaimer),Shared remediation: field was a pure equity-ratio proxy labeled as if a lien/title review had been performed,predictive_scorer.py (equity_signal logic),2026-08-08T12:00:00Z,PENDING_RERUN
kern_23528217008_prop_intel_dossier.md,Kern,"**APN**: 235-282-17-00-8 (mislabeled - this is the ATN, not the assessor parcel number)",**Source Identifier**: 235-282-17-00-8 (ATN) / **Assessor APN**: 235-282-17 (NOT_VERIFIED),DOSSIER_QA finding: ATN mislabeled as APN in 245/245 Kern dossiers - see property_model.py and monitor_runs/dossier_qa_report.md Section 1,kern/kern_enrich_docnum_verified.py; property_model.py:atn_to_assessor_parcel_number,2026-08-08T12:00:00Z,PENDING_RERUN
kern_23528217008_prop_intel_dossier.md,Kern,PRIORITY SIGNAL: GOING TO AUCTION in 37 days (2026-09-14 - 2026-09-16),PUBLIC-RECORD SIGNAL: Tax-default / Power-to-Sell public-record indicator; parcel-specific auction status not verified (county auction window ...,DOSSIER_QA finding: overclaimed parcel-specific auction-list confirmation against an unpublished live list - see monitor_runs/dossier_qa_report.md Section 2,report_builder.py (priority_signal_display logic); signal_priority.py,2026-08-08T12:00:00Z,PENDING_RERUN
kern_23528217008_prop_intel_dossier.md,Kern,Lien Risk Tier: HIGH,Equity / Assessed-Value Indicator: LOW (with disclaimer),Shared remediation: field was a pure equity-ratio proxy labeled as if a lien/title review had been performed,predictive_scorer.py (equity_signal logic),2026-08-08T12:00:00Z,PENDING_RERUN
kern_23539002002_prop_intel_dossier.md,Kern,"**APN**: 235-390-02-00-2 (mislabeled - this is the ATN, not the assessor parcel number)",**Source Identifier**: 235-390-02-00-2 (ATN) / **Assessor APN**: 235-390-02 (NOT_VERIFIED),DOSSIER_QA finding: ATN mislabeled as APN in 245/245 Kern dossiers - see property_model.py and monitor_runs/dossier_qa_report.md Section 1,kern/kern_enrich_docnum_verified.py; property_model.py:atn_to_assessor_parcel_number,2026-08-08T12:00:00Z,PENDING_RERUN
kern_23539002002_prop_intel_dossier.md,Kern,PRIORITY SIGNAL: GOING TO AUCTION in 37 days (2026-09-14 - 2026-09-16),PUBLIC-RECORD SIGNAL: Tax-default / Power-to-Sell public-record indicator; parcel-specific auction status not verified (county auction window ...,DOSSIER_QA finding: overclaimed parcel-specific auction-list confirmation against an unpublished live list - see monitor_runs/dossier_qa_report.md Section 2,report_builder.py (priority_signal_display logic); signal_priority.py,2026-08-08T12:00:00Z,PENDING_RERUN
kern_23539002002_prop_intel_dossier.md,Kern,Lien Risk Tier: LOW,Equity / Assessed-Value Indicator: HIGH (with disclaimer),Shared remediation: field was a pure equity-ratio proxy labeled as if a lien/title review had been performed,predictive_scorer.py (equity_signal logic),2026-08-08T12:00:00Z,PENDING_RERUN
kern_23728513001_prop_intel_dossier.md,Kern,"**APN**: 237-285-13-00-1 (mislabeled - this is the ATN, not the assessor parcel number)",**Source Identifier**: 237-285-13-00-1 (ATN) / **Assessor APN**: 237-285-13 (NOT_VERIFIED),DOSSIER_QA finding: ATN mislabeled as APN in 245/245 Kern dossiers - see property_model.py and monitor_runs/dossier_qa_report.md Section 1,kern/kern_enrich_docnum_verified.py; property_model.py:atn_to_assessor_parcel_number,2026-08-08T12:00:00Z,PENDING_RERUN
kern_23728513001_prop_intel_dossier.md,Kern,PRIORITY SIGNAL: GOING TO AUCTION in 37 days (2026-09-14 - 2026-09-16),PUBLIC-RECORD SIGNAL: Tax-default / Power-to-Sell public-record indicator; parcel-specific auction status not verified (county auction window ...,DOSSIER_QA finding: overclaimed parcel-specific auction-list confirmation against an unpublished live list - see monitor_runs/dossier_qa_report.md Section 2,report_builder.py (priority_signal_display logic); signal_priority.py,2026-08-08T12:00:00Z,PENDING_RERUN
kern_23728513001_prop_intel_dossier.md,Kern,Lien Risk Tier: HIGH,Equity / Assessed-Value Indicator: LOW (with disclaimer),Shared remediation: field was a pure equity-ratio proxy labeled as if a lien/title review had been performed,predictive_scorer.py (equity_signal logic),2026-08-08T12:00:00Z,PENDING_RERUN
kern_24445214004_prop_intel_dossier.md,Kern,"**APN**: 244-452-14-00-4 (mislabeled - this is the ATN, not the assessor parcel number)",**Source Identifier**: 244-452-14-00-4 (ATN) / **Assessor APN**: 244-452-14 (NOT_VERIFIED),DOSSIER_QA finding: ATN mislabeled as APN in 245/245 Kern dossiers - see property_model.py and monitor_runs/dossier_qa_report.md Section 1,kern/kern_enrich_docnum_verified.py; property_model.py:atn_to_assessor_parcel_number,2026-08-08T12:00:00Z,PENDING_RERUN
kern_24445214004_prop_intel_dossier.md,Kern,PRIORITY SIGNAL: GOING TO AUCTION in 37 days (2026-09-14 - 2026-09-16),PUBLIC-RECORD SIGNAL: Tax-default / Power-to-Sell public-record indicator; parcel-specific auction status not verified (county auction window ...,DOSSIER_QA finding: overclaimed parcel-specific auction-list confirmation against an unpublished live list - see monitor_runs/dossier_qa_report.md Section 2,report_builder.py (priority_signal_display logic); signal_priority.py,2026-08-08T12:00:00Z,PENDING_RERUN
kern_24445214004_prop_intel_dossier.md,Kern,Lien Risk Tier: LOW,Equity / Assessed-Value Indicator: HIGH (with disclaimer),Shared remediation: field was a pure equity-ratio proxy labeled as if a lien/title review had been performed,predictive_scorer.py (equity_signal logic),2026-08-08T12:00:00Z,PENDING_RERUN
kern_24714515009_prop_intel_dossier.md,Kern,"**APN**: 247-145-15-00-9 (mislabeled - this is the ATN, not the assessor parcel number)",**Source Identifier**: 247-145-15-00-9 (ATN) / **Assessor APN**: 247-145-15 (NOT_VERIFIED),DOSSIER_QA finding: ATN mislabeled as APN in 245/245 Kern dossiers - see property_model.py and monitor_runs/dossier_qa_report.md Section 1,kern/kern_enrich_docnum_verified.py; property_model.py:atn_to_assessor_parcel_number,2026-08-08T12:00:00Z,PENDING_RERUN
kern_24714515009_prop_intel_dossier.md,Kern,PRIORITY SIGNAL: GOING TO AUCTION in 37 days (2026-09-14 - 2026-09-16),PUBLIC-RECORD SIGNAL: Tax-default / Power-to-Sell public-record indicator; parcel-specific auction status not verified (county auction window ...,DOSSIER_QA finding: overclaimed parcel-specific auction-list confirmation against an unpublished live list - see monitor_runs/dossier_qa_report.md Section 2,report_builder.py (priority_signal_display logic); signal_priority.py,2026-08-08T12:00:00Z,PENDING_RERUN
kern_24714515009_prop_intel_dossier.md,Kern,Lien Risk Tier: HIGH,Equity / Assessed-Value Indicator: LOW (with disclaimer),Shared remediation: field was a pure equity-ratio proxy labeled as if a lien/title review had been performed,predictive_scorer.py (equity_signal logic),2026-08-08T12:00:00Z,PENDING_RERUN
kern_24725519003_prop_intel_dossier.md,Kern,"**APN**: 247-255-19-00-3 (mislabeled - this is the ATN, not the assessor parcel number)",**Source Identifier**: 247-255-19-00-3 (ATN) / **Assessor APN**: 247-255-19 (NOT_VERIFIED),DOSSIER_QA finding: ATN mislabeled as APN in 245/245 Kern dossiers - see property_model.py and monitor_runs/dossier_qa_report.md Section 1,kern/kern_enrich_docnum_verified.py; property_model.py:atn_to_assessor_parcel_number,2026-08-08T12:00:00Z,PENDING_RERUN
kern_24725519003_prop_intel_dossier.md,Kern,PRIORITY SIGNAL: GOING TO AUCTION in 37 days (2026-09-14 - 2026-09-16),PUBLIC-RECORD SIGNAL: Tax-default / Power-to-Sell public-record indicator; parcel-specific auction status not verified (county auction window ...,DOSSIER_QA finding: overclaimed parcel-specific auction-list confirmation against an unpublished live list - see monitor_runs/dossier_qa_report.md Section 2,report_builder.py (priority_signal_display logic); signal_priority.py,2026-08-08T12:00:00Z,PENDING_RERUN
kern_24725519003_prop_intel_dossier.md,Kern,Lien Risk Tier: HIGH,Equity / Assessed-Value Indicator: LOW (with disclaimer),Shared remediation: field was a pure equity-ratio proxy labeled as if a lien/title review had been performed,predictive_scorer.py (equity_signal logic),2026-08-08T12:00:00Z,PENDING_RERUN
kern_24725615008_prop_intel_dossier.md,Kern,"**APN**: 247-256-15-00-8 (mislabeled - this is the ATN, not the assessor parcel number)",**Source Identifier**: 247-256-15-00-8 (ATN) / **Assessor APN**: 247-256-15 (NOT_VERIFIED),DOSSIER_QA finding: ATN mislabeled as APN in 245/245 Kern dossiers - see property_model.py and monitor_runs/dossier_qa_report.md Section 1,kern/kern_enrich_docnum_verified.py; property_model.py:atn_to_assessor_parcel_number,2026-08-08T12:00:00Z,PENDING_RERUN
kern_24725615008_prop_intel_dossier.md,Kern,PRIORITY SIGNAL: GOING TO AUCTION in 37 days (2026-09-14 - 2026-09-16),PUBLIC-RECORD SIGNAL: Tax-default / Power-to-Sell public-record indicator; parcel-specific auction status not verified (county auction window ...,DOSSIER_QA finding: overclaimed parcel-specific auction-list confirmation against an unpublished live list - see monitor_runs/dossier_qa_report.md Section 2,report_builder.py (priority_signal_display logic); signal_priority.py,2026-08-08T12:00:00Z,PENDING_RERUN
kern_24725615008_prop_intel_dossier.md,Kern,Lien Risk Tier: LOW,Equity / Assessed-Value Indicator: HIGH (with disclaimer),Shared remediation: field was a pure equity-ratio proxy labeled as if a lien/title review had been performed,predictive_scorer.py (equity_signal logic),2026-08-08T12:00:00Z,PENDING_RERUN
kern_24728202001_prop_intel_dossier.md,Kern,"**APN**: 247-282-02-00-1 (mislabeled - this is the ATN, not the assessor parcel number)",**Source Identifier**: 247-282-02-00-1 (ATN) / **Assessor APN**: 247-282-02 (NOT_VERIFIED),DOSSIER_QA finding: ATN mislabeled as APN in 245/245 Kern dossiers - see property_model.py and monitor_runs/dossier_qa_report.md Section 1,kern/kern_enrich_docnum_verified.py; property_model.py:atn_to_assessor_parcel_number,2026-08-08T12:00:00Z,PENDING_RERUN
kern_24728202001_prop_intel_dossier.md,Kern,PRIORITY SIGNAL: GOING TO AUCTION in 37 days (2026-09-14 - 2026-09-16),PUBLIC-RECORD SIGNAL: Tax-default / Power-to-Sell public-record indicator; parcel-specific auction status not verified (county auction window ...,DOSSIER_QA finding: overclaimed parcel-specific auction-list confirmation against an unpublished live list - see monitor_runs/dossier_qa_report.md Section 2,report_builder.py (priority_signal_display logic); signal_priority.py,2026-08-08T12:00:00Z,PENDING_RERUN
kern_24728202001_prop_intel_dossier.md,Kern,Lien Risk Tier: MEDIUM,Equity / Assessed-Value Indicator: MEDIUM (with disclaimer),Shared remediation: field was a pure equity-ratio proxy labeled as if a lien/title review had been performed,predictive_scorer.py (equity_signal logic),2026-08-08T12:00:00Z,PENDING_RERUN
kern_26102341009_prop_intel_dossier.md,Kern,"**APN**: 261-023-41-00-9 (mislabeled - this is the ATN, not the assessor parcel number)",**Source Identifier**: 261-023-41-00-9 (ATN) / **Assessor APN**: 261-023-41 (NOT_VERIFIED),DOSSIER_QA finding: ATN mislabeled as APN in 245/245 Kern dossiers - see property_model.py and monitor_runs/dossier_qa_report.md Section 1,kern/kern_enrich_docnum_verified.py; property_model.py:atn_to_assessor_parcel_number,2026-08-08T12:00:00Z,PENDING_RERUN
kern_26102341009_prop_intel_dossier.md,Kern,PRIORITY SIGNAL: GOING TO AUCTION in 37 days (2026-09-14 - 2026-09-16),PUBLIC-RECORD SIGNAL: Tax-default / Power-to-Sell public-record indicator; parcel-specific auction status not verified (county auction window ...,DOSSIER_QA finding: overclaimed parcel-specific auction-list confirmation against an unpublished live list - see monitor_runs/dossier_qa_report.md Section 2,report_builder.py (priority_signal_display logic); signal_priority.py,2026-08-08T12:00:00Z,PENDING_RERUN
kern_26102341009_prop_intel_dossier.md,Kern,Lien Risk Tier: LOW,Equity / Assessed-Value Indicator: HIGH (with disclaimer),Shared remediation: field was a pure equity-ratio proxy labeled as if a lien/title review had been performed,predictive_scorer.py (equity_signal logic),2026-08-08T12:00:00Z,PENDING_RERUN
kern_26215328007_prop_intel_dossier.md,Kern,"**APN**: 262-153-28-00-7 (mislabeled - this is the ATN, not the assessor parcel number)",**Source Identifier**: 262-153-28-00-7 (ATN) / **Assessor APN**: 262-153-28 (NOT_VERIFIED),DOSSIER_QA finding: ATN mislabeled as APN in 245/245 Kern dossiers - see property_model.py and monitor_runs/dossier_qa_report.md Section 1,kern/kern_enrich_docnum_verified.py; property_model.py:atn_to_assessor_parcel_number,2026-08-08T12:00:00Z,PENDING_RERUN
kern_26215328007_prop_intel_dossier.md,Kern,PRIORITY SIGNAL: GOING TO AUCTION in 37 days (2026-09-14 - 2026-09-16),PUBLIC-RECORD SIGNAL: Tax-default / Power-to-Sell public-record indicator; parcel-specific auction status not verified (county auction window ...,DOSSIER_QA finding: overclaimed parcel-specific auction-list confirmation against an unpublished live list - see monitor_runs/dossier_qa_report.md Section 2,report_builder.py (priority_signal_display logic); signal_priority.py,2026-08-08T12:00:00Z,PENDING_RERUN
kern_26215328007_prop_intel_dossier.md,Kern,Lien Risk Tier: HIGH,Equity / Assessed-Value Indicator: LOW (with disclaimer),Shared remediation: field was a pure equity-ratio proxy labeled as if a lien/title review had been performed,predictive_scorer.py (equity_signal logic),2026-08-08T12:00:00Z,PENDING_RERUN
kern_26228119005_prop_intel_dossier.md,Kern,"**APN**: 262-281-19-00-5 (mislabeled - this is the ATN, not the assessor parcel number)",**Source Identifier**: 262-281-19-00-5 (ATN) / **Assessor APN**: 262-281-19 (NOT_VERIFIED),DOSSIER_QA finding: ATN mislabeled as APN in 245/245 Kern dossiers - see property_model.py and monitor_runs/dossier_qa_report.md Section 1,kern/kern_enrich_docnum_verified.py; property_model.py:atn_to_assessor_parcel_number,2026-08-08T12:00:00Z,PENDING_RERUN
kern_26228119005_prop_intel_dossier.md,Kern,PRIORITY SIGNAL: GOING TO AUCTION in 37 days (2026-09-14 - 2026-09-16),PUBLIC-RECORD SIGNAL: Tax-default / Power-to-Sell public-record indicator; parcel-specific auction status not verified (county auction window ...,DOSSIER_QA finding: overclaimed parcel-specific auction-list confirmation against an unpublished live list - see monitor_runs/dossier_qa_report.md Section 2,report_builder.py (priority_signal_display logic); signal_priority.py,2026-08-08T12:00:00Z,PENDING_RERUN
kern_26228119005_prop_intel_dossier.md,Kern,Lien Risk Tier: HIGH,Equity / Assessed-Value Indicator: LOW (with disclaimer),Shared remediation: field was a pure equity-ratio proxy labeled as if a lien/title review had been performed,predictive_scorer.py (equity_signal logic),2026-08-08T12:00:00Z,PENDING_RERUN
kern_26716205001_prop_intel_dossier.md,Kern,"**APN**: 267-162-05-00-1 (mislabeled - this is the ATN, not the assessor parcel number)",**Source Identifier**: 267-162-05-00-1 (ATN) / **Assessor APN**: 267-162-05 (NOT_VERIFIED),DOSSIER_QA finding: ATN mislabeled as APN in 245/245 Kern dossiers - see property_model.py and monitor_runs/dossier_qa_report.md Section 1,kern/kern_enrich_docnum_verified.py; property_model.py:atn_to_assessor_parcel_number,2026-08-08T12:00:00Z,PENDING_RERUN
kern_26716205001_prop_intel_dossier.md,Kern,PRIORITY SIGNAL: GOING TO AUCTION in 37 days (2026-09-14 - 2026-09-16),PUBLIC-RECORD SIGNAL: Tax-default / Power-to-Sell public-record indicator; parcel-specific auction status not verified (county auction window ...,DOSSIER_QA finding: overclaimed parcel-specific auction-list confirmation against an unpublished live list - see monitor_runs/dossier_qa_report.md Section 2,report_builder.py (priority_signal_display logic); signal_priority.py,2026-08-08T12:00:00Z,PENDING_RERUN
kern_26716205001_prop_intel_dossier.md,Kern,Lien Risk Tier: HIGH,Equity / Assessed-Value Indicator: LOW (with disclaimer),Shared remediation: field was a pure equity-ratio proxy labeled as if a lien/title review had been performed,predictive_scorer.py (equity_signal logic),2026-08-08T12:00:00Z,PENDING_RERUN
kern_26729031000_prop_intel_dossier.md,Kern,"**APN**: 267-290-31-00-0 (mislabeled - this is the ATN, not the assessor parcel number)",**Source Identifier**: 267-290-31-00-0 (ATN) / **Assessor APN**: 267-290-31 (NOT_VERIFIED),DOSSIER_QA finding: ATN mislabeled as APN in 245/245 Kern dossiers - see property_model.py and monitor_runs/dossier_qa_report.md Section 1,kern/kern_enrich_docnum_verified.py; property_model.py:atn_to_assessor_parcel_number,2026-08-08T12:00:00Z,PENDING_RERUN
kern_26729031000_prop_intel_dossier.md,Kern,PRIORITY SIGNAL: GOING TO AUCTION in 37 days (2026-09-14 - 2026-09-16),PUBLIC-RECORD SIGNAL: Tax-default / Power-to-Sell public-record indicator; parcel-specific auction status not verified (county auction window ...,DOSSIER_QA finding: overclaimed parcel-specific auction-list confirmation against an unpublished live list - see monitor_runs/dossier_qa_report.md Section 2,report_builder.py (priority_signal_display logic); signal_priority.py,2026-08-08T12:00:00Z,PENDING_RERUN
kern_26729031000_prop_intel_dossier.md,Kern,Lien Risk Tier: HIGH,Equity / Assessed-Value Indicator: LOW (with disclaimer),Shared remediation: field was a pure equity-ratio proxy labeled as if a lien/title review had been performed,predictive_scorer.py (equity_signal logic),2026-08-08T12:00:00Z,PENDING_RERUN
kern_26748204001_prop_intel_dossier.md,Kern,"**APN**: 267-482-04-00-1 (mislabeled - this is the ATN, not the assessor parcel number)",**Source Identifier**: 267-482-04-00-1 (ATN) / **Assessor APN**: 267-482-04 (NOT_VERIFIED),DOSSIER_QA finding: ATN mislabeled as APN in 245/245 Kern dossiers - see property_model.py and monitor_runs/dossier_qa_report.md Section 1,kern/kern_enrich_docnum_verified.py; property_model.py:atn_to_assessor_parcel_number,2026-08-08T12:00:00Z,PENDING_RERUN
kern_26748204001_prop_intel_dossier.md,Kern,PRIORITY SIGNAL: GOING TO AUCTION in 37 days (2026-09-14 - 2026-09-16),PUBLIC-RECORD SIGNAL: Tax-default / Power-to-Sell public-record indicator; parcel-specific auction status not verified (county auction window ...,DOSSIER_QA finding: overclaimed parcel-specific auction-list confirmation against an unpublished live list - see monitor_runs/dossier_qa_report.md Section 2,report_builder.py (priority_signal_display logic); signal_priority.py,2026-08-08T12:00:00Z,PENDING_RERUN
kern_26748204001_prop_intel_dossier.md,Kern,Lien Risk Tier: HIGH,Equity / Assessed-Value Indicator: LOW (with disclaimer),Shared remediation: field was a pure equity-ratio proxy labeled as if a lien/title review had been performed,predictive_scorer.py (equity_signal logic),2026-08-08T12:00:00Z,PENDING_RERUN
kern_26802202008_prop_intel_dossier.md,Kern,"**APN**: 268-022-02-00-8 (mislabeled - this is the ATN, not the assessor parcel number)",**Source Identifier**: 268-022-02-00-8 (ATN) / **Assessor APN**: 268-022-02 (NOT_VERIFIED),DOSSIER_QA finding: ATN mislabeled as APN in 245/245 Kern dossiers - see property_model.py and monitor_runs/dossier_qa_report.md Section 1,kern/kern_enrich_docnum_verified.py; property_model.py:atn_to_assessor_parcel_number,2026-08-08T12:00:00Z,PENDING_RERUN
kern_26802202008_prop_intel_dossier.md,Kern,PRIORITY SIGNAL: GOING TO AUCTION in 37 days (2026-09-14 - 2026-09-16),PUBLIC-RECORD SIGNAL: Tax-default / Power-to-Sell public-record indicator; parcel-specific auction status not verified (county auction window ...,DOSSIER_QA finding: overclaimed parcel-specific auction-list confirmation against an unpublished live list - see monitor_runs/dossier_qa_report.md Section 2,report_builder.py (priority_signal_display logic); signal_priority.py,2026-08-08T12:00:00Z,PENDING_RERUN
kern_26802202008_prop_intel_dossier.md,Kern,Lien Risk Tier: HIGH,Equity / Assessed-Value Indicator: LOW (with disclaimer),Shared remediation: field was a pure equity-ratio proxy labeled as if a lien/title review had been performed,predictive_scorer.py (equity_signal logic),2026-08-08T12:00:00Z,PENDING_RERUN
kern_26812104006_prop_intel_dossier.md,Kern,"**APN**: 268-121-04-00-6 (mislabeled - this is the ATN, not the assessor parcel number)",**Source Identifier**: 268-121-04-00-6 (ATN) / **Assessor APN**: 268-121-04 (NOT_VERIFIED),DOSSIER_QA finding: ATN mislabeled as APN in 245/245 Kern dossiers - see property_model.py and monitor_runs/dossier_qa_report.md Section 1,kern/kern_enrich_docnum_verified.py; property_model.py:atn_to_assessor_parcel_number,2026-08-08T12:00:00Z,PENDING_RERUN
kern_26812104006_prop_intel_dossier.md,Kern,PRIORITY SIGNAL: GOING TO AUCTION in 37 days (2026-09-14 - 2026-09-16),PUBLIC-RECORD SIGNAL: Tax-default / Power-to-Sell public-record indicator; parcel-specific auction status not verified (county auction window ...,DOSSIER_QA finding: overclaimed parcel-specific auction-list confirmation against an unpublished live list - see monitor_runs/dossier_qa_report.md Section 2,report_builder.py (priority_signal_display logic); signal_priority.py,2026-08-08T12:00:00Z,PENDING_RERUN
kern_26812104006_prop_intel_dossier.md,Kern,Lien Risk Tier: HIGH,Equity / Assessed-Value Indicator: LOW (with disclaimer),Shared remediation: field was a pure equity-ratio proxy labeled as if a lien/title review had been performed,predictive_scorer.py (equity_signal logic),2026-08-08T12:00:00Z,PENDING_RERUN
kern_27305208003_prop_intel_dossier.md,Kern,"**APN**: 273-052-08-00-3 (mislabeled - this is the ATN, not the assessor parcel number)",**Source Identifier**: 273-052-08-00-3 (ATN) / **Assessor APN**: 273-052-08 (NOT_VERIFIED),DOSSIER_QA finding: ATN mislabeled as APN in 245/245 Kern dossiers - see property_model.py and monitor_runs/dossier_qa_report.md Section 1,kern/kern_enrich_docnum_verified.py; property_model.py:atn_to_assessor_parcel_number,2026-08-08T12:00:00Z,PENDING_RERUN
kern_27305208003_prop_intel_dossier.md,Kern,PRIORITY SIGNAL: GOING TO AUCTION in 37 days (2026-09-14 - 2026-09-16),PUBLIC-RECORD SIGNAL: Tax-default / Power-to-Sell public-record indicator; parcel-specific auction status not verified (county auction window ...,DOSSIER_QA finding: overclaimed parcel-specific auction-list confirmation against an unpublished live list - see monitor_runs/dossier_qa_report.md Section 2,report_builder.py (priority_signal_display logic); signal_priority.py,2026-08-08T12:00:00Z,PENDING_RERUN
kern_27305208003_prop_intel_dossier.md,Kern,Lien Risk Tier: HIGH,Equity / Assessed-Value Indicator: LOW (with disclaimer),Shared remediation: field was a pure equity-ratio proxy labeled as if a lien/title review had been performed,predictive_scorer.py (equity_signal logic),2026-08-08T12:00:00Z,PENDING_RERUN
kern_27314411001_prop_intel_dossier.md,Kern,"**APN**: 273-144-11-00-1 (mislabeled - this is the ATN, not the assessor parcel number)",**Source Identifier**: 273-144-11-00-1 (ATN) / **Assessor APN**: 273-144-11 (NOT_VERIFIED),DOSSIER_QA finding: ATN mislabeled as APN in 245/245 Kern dossiers - see property_model.py and monitor_runs/dossier_qa_report.md Section 1,kern/kern_enrich_docnum_verified.py; property_model.py:atn_to_assessor_parcel_number,2026-08-08T12:00:00Z,PENDING_RERUN
kern_27314411001_prop_intel_dossier.md,Kern,PRIORITY SIGNAL: GOING TO AUCTION in 37 days (2026-09-14 - 2026-09-16),PUBLIC-RECORD SIGNAL: Tax-default / Power-to-Sell public-record indicator; parcel-specific auction status not verified (county auction window ...,DOSSIER_QA finding: overclaimed parcel-specific auction-list confirmation against an unpublished live list - see monitor_runs/dossier_qa_report.md Section 2,report_builder.py (priority_signal_display logic); signal_priority.py,2026-08-08T12:00:00Z,PENDING_RERUN
kern_27314411001_prop_intel_dossier.md,Kern,Lien Risk Tier: HIGH,Equity / Assessed-Value Indicator: LOW (with disclaimer),Shared remediation: field was a pure equity-ratio proxy labeled as if a lien/title review had been performed,predictive_scorer.py (equity_signal logic),2026-08-08T12:00:00Z,PENDING_RERUN
kern_27407013006_prop_intel_dossier.md,Kern,"**APN**: 274-070-13-00-6 (mislabeled - this is the ATN, not the assessor parcel number)",**Source Identifier**: 274-070-13-00-6 (ATN) / **Assessor APN**: 274-070-13 (NOT_VERIFIED),DOSSIER_QA finding: ATN mislabeled as APN in 245/245 Kern dossiers - see property_model.py and monitor_runs/dossier_qa_report.md Section 1,kern/kern_enrich_docnum_verified.py; property_model.py:atn_to_assessor_parcel_number,2026-08-08T12:00:00Z,PENDING_RERUN
kern_27407013006_prop_intel_dossier.md,Kern,PRIORITY SIGNAL: GOING TO AUCTION in 37 days (2026-09-14 - 2026-09-16),PUBLIC-RECORD SIGNAL: Tax-default / Power-to-Sell public-record indicator; parcel-specific auction status not verified (county auction window ...,DOSSIER_QA finding: overclaimed parcel-specific auction-list confirmation against an unpublished live list - see monitor_runs/dossier_qa_report.md Section 2,report_builder.py (priority_signal_display logic); signal_priority.py,2026-08-08T12:00:00Z,PENDING_RERUN
kern_27407013006_prop_intel_dossier.md,Kern,Lien Risk Tier: MEDIUM,Equity / Assessed-Value Indicator: MEDIUM (with disclaimer),Shared remediation: field was a pure equity-ratio proxy labeled as if a lien/title review had been performed,predictive_scorer.py (equity_signal logic),2026-08-08T12:00:00Z,PENDING_RERUN
kern_27506103008_prop_intel_dossier.md,Kern,"**APN**: 275-061-03-00-8 (mislabeled - this is the ATN, not the assessor parcel number)",**Source Identifier**: 275-061-03-00-8 (ATN) / **Assessor APN**: 275-061-03 (NOT_VERIFIED),DOSSIER_QA finding: ATN mislabeled as APN in 245/245 Kern dossiers - see property_model.py and monitor_runs/dossier_qa_report.md Section 1,kern/kern_enrich_docnum_verified.py; property_model.py:atn_to_assessor_parcel_number,2026-08-08T12:00:00Z,PENDING_RERUN
kern_27506103008_prop_intel_dossier.md,Kern,PRIORITY SIGNAL: GOING TO AUCTION in 37 days (2026-09-14 - 2026-09-16),PUBLIC-RECORD SIGNAL: Tax-default / Power-to-Sell public-record indicator; parcel-specific auction status not verified (county auction window ...,DOSSIER_QA finding: overclaimed parcel-specific auction-list confirmation against an unpublished live list - see monitor_runs/dossier_qa_report.md Section 2,report_builder.py (priority_signal_display logic); signal_priority.py,2026-08-08T12:00:00Z,PENDING_RERUN
kern_27506103008_prop_intel_dossier.md,Kern,Lien Risk Tier: HIGH,Equity / Assessed-Value Indicator: LOW (with disclaimer),Shared remediation: field was a pure equity-ratio proxy labeled as if a lien/title review had been performed,predictive_scorer.py (equity_signal logic),2026-08-08T12:00:00Z,PENDING_RERUN
kern_27516101001_prop_intel_dossier.md,Kern,"**APN**: 275-161-01-00-1 (mislabeled - this is the ATN, not the assessor parcel number)",**Source Identifier**: 275-161-01-00-1 (ATN) / **Assessor APN**: 275-161-01 (NOT_VERIFIED),DOSSIER_QA finding: ATN mislabeled as APN in 245/245 Kern dossiers - see property_model.py and monitor_runs/dossier_qa_report.md Section 1,kern/kern_enrich_docnum_verified.py; property_model.py:atn_to_assessor_parcel_number,2026-08-08T12:00:00Z,PENDING_RERUN
kern_27516101001_prop_intel_dossier.md,Kern,PRIORITY SIGNAL: GOING TO AUCTION in 37 days (2026-09-14 - 2026-09-16),PUBLIC-RECORD SIGNAL: Tax-default / Power-to-Sell public-record indicator; parcel-specific auction status not verified (county auction window ...,DOSSIER_QA finding: overclaimed parcel-specific auction-list confirmation against an unpublished live list - see monitor_runs/dossier_qa_report.md Section 2,report_builder.py (priority_signal_display logic); signal_priority.py,2026-08-08T12:00:00Z,PENDING_RERUN
kern_27516101001_prop_intel_dossier.md,Kern,Lien Risk Tier: HIGH,Equity / Assessed-Value Indicator: LOW (with disclaimer),Shared remediation: field was a pure equity-ratio proxy labeled as if a lien/title review had been performed,predictive_scorer.py (equity_signal logic),2026-08-08T12:00:00Z,PENDING_RERUN
kern_27519103006_prop_intel_dossier.md,Kern,"**APN**: 275-191-03-00-6 (mislabeled - this is the ATN, not the assessor parcel number)",**Source Identifier**: 275-191-03-00-6 (ATN) / **Assessor APN**: 275-191-03 (NOT_VERIFIED),DOSSIER_QA finding: ATN mislabeled as APN in 245/245 Kern dossiers - see property_model.py and monitor_runs/dossier_qa_report.md Section 1,kern/kern_enrich_docnum_verified.py; property_model.py:atn_to_assessor_parcel_number,2026-08-08T12:00:00Z,PENDING_RERUN
kern_27519103006_prop_intel_dossier.md,Kern,PRIORITY SIGNAL: GOING TO AUCTION in 37 days (2026-09-14 - 2026-09-16),PUBLIC-RECORD SIGNAL: Tax-default / Power-to-Sell public-record indicator; parcel-specific auction status not verified (county auction window ...,DOSSIER_QA finding: overclaimed parcel-specific auction-list confirmation against an unpublished live list - see monitor_runs/dossier_qa_report.md Section 2,report_builder.py (priority_signal_display logic); signal_priority.py,2026-08-08T12:00:00Z,PENDING_RERUN
kern_27519103006_prop_intel_dossier.md,Kern,Lien Risk Tier: HIGH,Equity / Assessed-Value Indicator: LOW (with disclaimer),Shared remediation: field was a pure equity-ratio proxy labeled as if a lien/title review had been performed,predictive_scorer.py (equity_signal logic),2026-08-08T12:00:00Z,PENDING_RERUN
kern_27520201009_prop_intel_dossier.md,Kern,"**APN**: 275-202-01-00-9 (mislabeled - this is the ATN, not the assessor parcel number)",**Source Identifier**: 275-202-01-00-9 (ATN) / **Assessor APN**: 275-202-01 (NOT_VERIFIED),DOSSIER_QA finding: ATN mislabeled as APN in 245/245 Kern dossiers - see property_model.py and monitor_runs/dossier_qa_report.md Section 1,kern/kern_enrich_docnum_verified.py; property_model.py:atn_to_assessor_parcel_number,2026-08-08T12:00:00Z,PENDING_RERUN
kern_27520201009_prop_intel_dossier.md,Kern,PRIORITY SIGNAL: GOING TO AUCTION in 37 days (2026-09-14 - 2026-09-16),PUBLIC-RECORD SIGNAL: Tax-default / Power-to-Sell public-record indicator; parcel-specific auction status not verified (county auction window ...,DOSSIER_QA finding: overclaimed parcel-specific auction-list confirmation against an unpublished live list - see monitor_runs/dossier_qa_report.md Section 2,report_builder.py (priority_signal_display logic); signal_priority.py,2026-08-08T12:00:00Z,PENDING_RERUN
kern_27520201009_prop_intel_dossier.md,Kern,Lien Risk Tier: HIGH,Equity / Assessed-Value Indicator: LOW (with disclaimer),Shared remediation: field was a pure equity-ratio proxy labeled as if a lien/title review had been performed,predictive_scorer.py (equity_signal logic),2026-08-08T12:00:00Z,PENDING_RERUN
kern_27520507008_prop_intel_dossier.md,Kern,"**APN**: 275-205-07-00-8 (mislabeled - this is the ATN, not the assessor parcel number)",**Source Identifier**: 275-205-07-00-8 (ATN) / **Assessor APN**: 275-205-07 (NOT_VERIFIED),DOSSIER_QA finding: ATN mislabeled as APN in 245/245 Kern dossiers - see property_model.py and monitor_runs/dossier_qa_report.md Section 1,kern/kern_enrich_docnum_verified.py; property_model.py:atn_to_assessor_parcel_number,2026-08-08T12:00:00Z,PENDING_RERUN
kern_27520507008_prop_intel_dossier.md,Kern,PRIORITY SIGNAL: GOING TO AUCTION in 37 days (2026-09-14 - 2026-09-16),PUBLIC-RECORD SIGNAL: Tax-default / Power-to-Sell public-record indicator; parcel-specific auction status not verified (county auction window ...,DOSSIER_QA finding: overclaimed parcel-specific auction-list confirmation against an unpublished live list - see monitor_runs/dossier_qa_report.md Section 2,report_builder.py (priority_signal_display logic); signal_priority.py,2026-08-08T12:00:00Z,PENDING_RERUN
kern_27520507008_prop_intel_dossier.md,Kern,Lien Risk Tier: HIGH,Equity / Assessed-Value Indicator: LOW (with disclaimer),Shared remediation: field was a pure equity-ratio proxy labeled as if a lien/title review had been performed,predictive_scorer.py (equity_signal logic),2026-08-08T12:00:00Z,PENDING_RERUN
kern_27620217003_prop_intel_dossier.md,Kern,"**APN**: 276-202-17-00-3 (mislabeled - this is the ATN, not the assessor parcel number)",**Source Identifier**: 276-202-17-00-3 (ATN) / **Assessor APN**: 276-202-17 (NOT_VERIFIED),DOSSIER_QA finding: ATN mislabeled as APN in 245/245 Kern dossiers - see property_model.py and monitor_runs/dossier_qa_report.md Section 1,kern/kern_enrich_docnum_verified.py; property_model.py:atn_to_assessor_parcel_number,2026-08-08T12:00:00Z,PENDING_RERUN
kern_27620217003_prop_intel_dossier.md,Kern,PRIORITY SIGNAL: GOING TO AUCTION in 37 days (2026-09-14 - 2026-09-16),PUBLIC-RECORD SIGNAL: Tax-default / Power-to-Sell public-record indicator; parcel-specific auction status not verified (county auction window ...,DOSSIER_QA finding: overclaimed parcel-specific auction-list confirmation against an unpublished live list - see monitor_runs/dossier_qa_report.md Section 2,report_builder.py (priority_signal_display logic); signal_priority.py,2026-08-08T12:00:00Z,PENDING_RERUN
kern_27620217003_prop_intel_dossier.md,Kern,Lien Risk Tier: HIGH,Equity / Assessed-Value Indicator: LOW (with disclaimer),Shared remediation: field was a pure equity-ratio proxy labeled as if a lien/title review had been performed,predictive_scorer.py (equity_signal logic),2026-08-08T12:00:00Z,PENDING_RERUN
kern_27621408004_prop_intel_dossier.md,Kern,"**APN**: 276-214-08-00-4 (mislabeled - this is the ATN, not the assessor parcel number)",**Source Identifier**: 276-214-08-00-4 (ATN) / **Assessor APN**: 276-214-08 (NOT_VERIFIED),DOSSIER_QA finding: ATN mislabeled as APN in 245/245 Kern dossiers - see property_model.py and monitor_runs/dossier_qa_report.md Section 1,kern/kern_enrich_docnum_verified.py; property_model.py:atn_to_assessor_parcel_number,2026-08-08T12:00:00Z,PENDING_RERUN
kern_27621408004_prop_intel_dossier.md,Kern,PRIORITY SIGNAL: GOING TO AUCTION in 37 days (2026-09-14 - 2026-09-16),PUBLIC-RECORD SIGNAL: Tax-default / Power-to-Sell public-record indicator; parcel-specific auction status not verified (county auction window ...,DOSSIER_QA finding: overclaimed parcel-specific auction-list confirmation against an unpublished live list - see monitor_runs/dossier_qa_report.md Section 2,report_builder.py (priority_signal_display logic); signal_priority.py,2026-08-08T12:00:00Z,PENDING_RERUN
kern_27621408004_prop_intel_dossier.md,Kern,Lien Risk Tier: HIGH,Equity / Assessed-Value Indicator: LOW (with disclaimer),Shared remediation: field was a pure equity-ratio proxy labeled as if a lien/title review had been performed,predictive_scorer.py (equity_signal logic),2026-08-08T12:00:00Z,PENDING_RERUN
kern_27623305004_prop_intel_dossier.md,Kern,"**APN**: 276-233-05-00-4 (mislabeled - this is the ATN, not the assessor parcel number)",**Source Identifier**: 276-233-05-00-4 (ATN) / **Assessor APN**: 276-233-05 (NOT_VERIFIED),DOSSIER_QA finding: ATN mislabeled as APN in 245/245 Kern dossiers - see property_model.py and monitor_runs/dossier_qa_report.md Section 1,kern/kern_enrich_docnum_verified.py; property_model.py:atn_to_assessor_parcel_number,2026-08-08T12:00:00Z,PENDING_RERUN
kern_27623305004_prop_intel_dossier.md,Kern,PRIORITY SIGNAL: GOING TO AUCTION in 37 days (2026-09-14 - 2026-09-16),PUBLIC-RECORD SIGNAL: Tax-default / Power-to-Sell public-record indicator; parcel-specific auction status not verified (county auction window ...,DOSSIER_QA finding: overclaimed parcel-specific auction-list confirmation against an unpublished live list - see monitor_runs/dossier_qa_report.md Section 2,report_builder.py (priority_signal_display logic); signal_priority.py,2026-08-08T12:00:00Z,PENDING_RERUN
kern_27623305004_prop_intel_dossier.md,Kern,Lien Risk Tier: HIGH,Equity / Assessed-Value Indicator: LOW (with disclaimer),Shared remediation: field was a pure equity-ratio proxy labeled as if a lien/title review had been performed,predictive_scorer.py (equity_signal logic),2026-08-08T12:00:00Z,PENDING_RERUN
kern_27625102007_prop_intel_dossier.md,Kern,"**APN**: 276-251-02-00-7 (mislabeled - this is the ATN, not the assessor parcel number)",**Source Identifier**: 276-251-02-00-7 (ATN) / **Assessor APN**: 276-251-02 (NOT_VERIFIED),DOSSIER_QA finding: ATN mislabeled as APN in 245/245 Kern dossiers - see property_model.py and monitor_runs/dossier_qa_report.md Section 1,kern/kern_enrich_docnum_verified.py; property_model.py:atn_to_assessor_parcel_number,2026-08-08T12:00:00Z,PENDING_RERUN
kern_27625102007_prop_intel_dossier.md,Kern,PRIORITY SIGNAL: GOING TO AUCTION in 37 days (2026-09-14 - 2026-09-16),PUBLIC-RECORD SIGNAL: Tax-default / Power-to-Sell public-record indicator; parcel-specific auction status not verified (county auction window ...,DOSSIER_QA finding: overclaimed parcel-specific auction-list confirmation against an unpublished live list - see monitor_runs/dossier_qa_report.md Section 2,report_builder.py (priority_signal_display logic); signal_priority.py,2026-08-08T12:00:00Z,PENDING_RERUN
kern_27625102007_prop_intel_dossier.md,Kern,Lien Risk Tier: HIGH,Equity / Assessed-Value Indicator: LOW (with disclaimer),Shared remediation: field was a pure equity-ratio proxy labeled as if a lien/title review had been performed,predictive_scorer.py (equity_signal logic),2026-08-08T12:00:00Z,PENDING_RERUN
kern_27803206006_prop_intel_dossier.md,Kern,"**APN**: 278-032-06-00-6 (mislabeled - this is the ATN, not the assessor parcel number)",**Source Identifier**: 278-032-06-00-6 (ATN) / **Assessor APN**: 278-032-06 (NOT_VERIFIED),DOSSIER_QA finding: ATN mislabeled as APN in 245/245 Kern dossiers - see property_model.py and monitor_runs/dossier_qa_report.md Section 1,kern/kern_enrich_docnum_verified.py; property_model.py:atn_to_assessor_parcel_number,2026-08-08T12:00:00Z,PENDING_RERUN
kern_27803206006_prop_intel_dossier.md,Kern,PRIORITY SIGNAL: GOING TO AUCTION in 37 days (2026-09-14 - 2026-09-16),PUBLIC-RECORD SIGNAL: Tax-default / Power-to-Sell public-record indicator; parcel-specific auction status not verified (county auction window ...,DOSSIER_QA finding: overclaimed parcel-specific auction-list confirmation against an unpublished live list - see monitor_runs/dossier_qa_report.md Section 2,report_builder.py (priority_signal_display logic); signal_priority.py,2026-08-08T12:00:00Z,PENDING_RERUN
kern_27803206006_prop_intel_dossier.md,Kern,Lien Risk Tier: HIGH,Equity / Assessed-Value Indicator: LOW (with disclaimer),Shared remediation: field was a pure equity-ratio proxy labeled as if a lien/title review had been performed,predictive_scorer.py (equity_signal logic),2026-08-08T12:00:00Z,PENDING_RERUN
kern_27803326001_prop_intel_dossier.md,Kern,"**APN**: 278-033-26-00-1 (mislabeled - this is the ATN, not the assessor parcel number)",**Source Identifier**: 278-033-26-00-1 (ATN) / **Assessor APN**: 278-033-26 (NOT_VERIFIED),DOSSIER_QA finding: ATN mislabeled as APN in 245/245 Kern dossiers - see property_model.py and monitor_runs/dossier_qa_report.md Section 1,kern/kern_enrich_docnum_verified.py; property_model.py:atn_to_assessor_parcel_number,2026-08-08T12:00:00Z,PENDING_RERUN
kern_27803326001_prop_intel_dossier.md,Kern,PRIORITY SIGNAL: GOING TO AUCTION in 37 days (2026-09-14 - 2026-09-16),PUBLIC-RECORD SIGNAL: Tax-default / Power-to-Sell public-record indicator; parcel-specific auction status not verified (county auction window ...,DOSSIER_QA finding: overclaimed parcel-specific auction-list confirmation against an unpublished live list - see monitor_runs/dossier_qa_report.md Section 2,report_builder.py (priority_signal_display logic); signal_priority.py,2026-08-08T12:00:00Z,PENDING_RERUN
kern_27803326001_prop_intel_dossier.md,Kern,Lien Risk Tier: HIGH,Equity / Assessed-Value Indicator: LOW (with disclaimer),Shared remediation: field was a pure equity-ratio proxy labeled as if a lien/title review had been performed,predictive_scorer.py (equity_signal logic),2026-08-08T12:00:00Z,PENDING_RERUN
kern_27804101007_prop_intel_dossier.md,Kern,"**APN**: 278-041-01-00-7 (mislabeled - this is the ATN, not the assessor parcel number)",**Source Identifier**: 278-041-01-00-7 (ATN) / **Assessor APN**: 278-041-01 (NOT_VERIFIED),DOSSIER_QA finding: ATN mislabeled as APN in 245/245 Kern dossiers - see property_model.py and monitor_runs/dossier_qa_report.md Section 1,kern/kern_enrich_docnum_verified.py; property_model.py:atn_to_assessor_parcel_number,2026-08-08T12:00:00Z,PENDING_RERUN
kern_27804101007_prop_intel_dossier.md,Kern,PRIORITY SIGNAL: GOING TO AUCTION in 37 days (2026-09-14 - 2026-09-16),PUBLIC-RECORD SIGNAL: Tax-default / Power-to-Sell public-record indicator; parcel-specific auction status not verified (county auction window ...,DOSSIER_QA finding: overclaimed parcel-specific auction-list confirmation against an unpublished live list - see monitor_runs/dossier_qa_report.md Section 2,report_builder.py (priority_signal_display logic); signal_priority.py,2026-08-08T12:00:00Z,PENDING_RERUN
kern_27804101007_prop_intel_dossier.md,Kern,Lien Risk Tier: HIGH,Equity / Assessed-Value Indicator: LOW (with disclaimer),Shared remediation: field was a pure equity-ratio proxy labeled as if a lien/title review had been performed,predictive_scorer.py (equity_signal logic),2026-08-08T12:00:00Z,PENDING_RERUN
kern_27804415009_prop_intel_dossier.md,Kern,"**APN**: 278-044-15-00-9 (mislabeled - this is the ATN, not the assessor parcel number)",**Source Identifier**: 278-044-15-00-9 (ATN) / **Assessor APN**: 278-044-15 (NOT_VERIFIED),DOSSIER_QA finding: ATN mislabeled as APN in 245/245 Kern dossiers - see property_model.py and monitor_runs/dossier_qa_report.md Section 1,kern/kern_enrich_docnum_verified.py; property_model.py:atn_to_assessor_parcel_number,2026-08-08T12:00:00Z,PENDING_RERUN
kern_27804415009_prop_intel_dossier.md,Kern,PRIORITY SIGNAL: GOING TO AUCTION in 37 days (2026-09-14 - 2026-09-16),PUBLIC-RECORD SIGNAL: Tax-default / Power-to-Sell public-record indicator; parcel-specific auction status not verified (county auction window ...,DOSSIER_QA finding: overclaimed parcel-specific auction-list confirmation against an unpublished live list - see monitor_runs/dossier_qa_report.md Section 2,report_builder.py (priority_signal_display logic); signal_priority.py,2026-08-08T12:00:00Z,PENDING_RERUN
kern_27804415009_prop_intel_dossier.md,Kern,Lien Risk Tier: HIGH,Equity / Assessed-Value Indicator: LOW (with disclaimer),Shared remediation: field was a pure equity-ratio proxy labeled as if a lien/title review had been performed,predictive_scorer.py (equity_signal logic),2026-08-08T12:00:00Z,PENDING_RERUN
kern_27806208001_prop_intel_dossier.md,Kern,"**APN**: 278-062-08-00-1 (mislabeled - this is the ATN, not the assessor parcel number)",**Source Identifier**: 278-062-08-00-1 (ATN) / **Assessor APN**: 278-062-08 (NOT_VERIFIED),DOSSIER_QA finding: ATN mislabeled as APN in 245/245 Kern dossiers - see property_model.py and monitor_runs/dossier_qa_report.md Section 1,kern/kern_enrich_docnum_verified.py; property_model.py:atn_to_assessor_parcel_number,2026-08-08T12:00:00Z,PENDING_RERUN
kern_27806208001_prop_intel_dossier.md,Kern,PRIORITY SIGNAL: GOING TO AUCTION in 37 days (2026-09-14 - 2026-09-16),PUBLIC-RECORD SIGNAL: Tax-default / Power-to-Sell public-record indicator; parcel-specific auction status not verified (county auction window ...,DOSSIER_QA finding: overclaimed parcel-specific auction-list confirmation against an unpublished live list - see monitor_runs/dossier_qa_report.md Section 2,report_builder.py (priority_signal_display logic); signal_priority.py,2026-08-08T12:00:00Z,PENDING_RERUN
kern_27806208001_prop_intel_dossier.md,Kern,Lien Risk Tier: HIGH,Equity / Assessed-Value Indicator: LOW (with disclaimer),Shared remediation: field was a pure equity-ratio proxy labeled as if a lien/title review had been performed,predictive_scorer.py (equity_signal logic),2026-08-08T12:00:00Z,PENDING_RERUN
kern_27809127008_prop_intel_dossier.md,Kern,"**APN**: 278-091-27-00-8 (mislabeled - this is the ATN, not the assessor parcel number)",**Source Identifier**: 278-091-27-00-8 (ATN) / **Assessor APN**: 278-091-27 (NOT_VERIFIED),DOSSIER_QA finding: ATN mislabeled as APN in 245/245 Kern dossiers - see property_model.py and monitor_runs/dossier_qa_report.md Section 1,kern/kern_enrich_docnum_verified.py; property_model.py:atn_to_assessor_parcel_number,2026-08-08T12:00:00Z,PENDING_RERUN
kern_27809127008_prop_intel_dossier.md,Kern,PRIORITY SIGNAL: GOING TO AUCTION in 37 days (2026-09-14 - 2026-09-16),PUBLIC-RECORD SIGNAL: Tax-default / Power-to-Sell public-record indicator; parcel-specific auction status not verified (county auction window ...,DOSSIER_QA finding: overclaimed parcel-specific auction-list confirmation against an unpublished live list - see monitor_runs/dossier_qa_report.md Section 2,report_builder.py (priority_signal_display logic); signal_priority.py,2026-08-08T12:00:00Z,PENDING_RERUN
kern_27809127008_prop_intel_dossier.md,Kern,Lien Risk Tier: HIGH,Equity / Assessed-Value Indicator: LOW (with disclaimer),Shared remediation: field was a pure equity-ratio proxy labeled as if a lien/title review had been performed,predictive_scorer.py (equity_signal logic),2026-08-08T12:00:00Z,PENDING_RERUN
kern_27809209003_prop_intel_dossier.md,Kern,"**APN**: 278-092-09-00-3 (mislabeled - this is the ATN, not the assessor parcel number)",**Source Identifier**: 278-092-09-00-3 (ATN) / **Assessor APN**: 278-092-09 (NOT_VERIFIED),DOSSIER_QA finding: ATN mislabeled as APN in 245/245 Kern dossiers - see property_model.py and monitor_runs/dossier_qa_report.md Section 1,kern/kern_enrich_docnum_verified.py; property_model.py:atn_to_assessor_parcel_number,2026-08-08T12:00:00Z,PENDING_RERUN
kern_27809209003_prop_intel_dossier.md,Kern,PRIORITY SIGNAL: GOING TO AUCTION in 37 days (2026-09-14 - 2026-09-16),PUBLIC-RECORD SIGNAL: Tax-default / Power-to-Sell public-record indicator; parcel-specific auction status not verified (county auction window ...,DOSSIER_QA finding: overclaimed parcel-specific auction-list confirmation against an unpublished live list - see monitor_runs/dossier_qa_report.md Section 2,report_builder.py (priority_signal_display logic); signal_priority.py,2026-08-08T12:00:00Z,PENDING_RERUN
kern_27809209003_prop_intel_dossier.md,Kern,Lien Risk Tier: HIGH,Equity / Assessed-Value Indicator: LOW (with disclaimer),Shared remediation: field was a pure equity-ratio proxy labeled as if a lien/title review had been performed,predictive_scorer.py (equity_signal logic),2026-08-08T12:00:00Z,PENDING_RERUN
kern_27810230005_prop_intel_dossier.md,Kern,"**APN**: 278-102-30-00-5 (mislabeled - this is the ATN, not the assessor parcel number)",**Source Identifier**: 278-102-30-00-5 (ATN) / **Assessor APN**: 278-102-30 (NOT_VERIFIED),DOSSIER_QA finding: ATN mislabeled as APN in 245/245 Kern dossiers - see property_model.py and monitor_runs/dossier_qa_report.md Section 1,kern/kern_enrich_docnum_verified.py; property_model.py:atn_to_assessor_parcel_number,2026-08-08T12:00:00Z,PENDING_RERUN
kern_27810230005_prop_intel_dossier.md,Kern,PRIORITY SIGNAL: GOING TO AUCTION in 37 days (2026-09-14 - 2026-09-16),PUBLIC-RECORD SIGNAL: Tax-default / Power-to-Sell public-record indicator; parcel-specific auction status not verified (county auction window ...,DOSSIER_QA finding: overclaimed parcel-specific auction-list confirmation against an unpublished live list - see monitor_runs/dossier_qa_report.md Section 2,report_builder.py (priority_signal_display logic); signal_priority.py,2026-08-08T12:00:00Z,PENDING_RERUN
kern_27810230005_prop_intel_dossier.md,Kern,Lien Risk Tier: HIGH,Equity / Assessed-Value Indicator: LOW (with disclaimer),Shared remediation: field was a pure equity-ratio proxy labeled as if a lien/title review had been performed,predictive_scorer.py (equity_signal logic),2026-08-08T12:00:00Z,PENDING_RERUN
kern_27812008004_prop_intel_dossier.md,Kern,"**APN**: 278-120-08-00-4 (mislabeled - this is the ATN, not the assessor parcel number)",**Source Identifier**: 278-120-08-00-4 (ATN) / **Assessor APN**: 278-120-08 (NOT_VERIFIED),DOSSIER_QA finding: ATN mislabeled as APN in 245/245 Kern dossiers - see property_model.py and monitor_runs/dossier_qa_report.md Section 1,kern/kern_enrich_docnum_verified.py; property_model.py:atn_to_assessor_parcel_number,2026-08-08T12:00:00Z,PENDING_RERUN
kern_27812008004_prop_intel_dossier.md,Kern,PRIORITY SIGNAL: GOING TO AUCTION in 37 days (2026-09-14 - 2026-09-16),PUBLIC-RECORD SIGNAL: Tax-default / Power-to-Sell public-record indicator; parcel-specific auction status not verified (county auction window ...,DOSSIER_QA finding: overclaimed parcel-specific auction-list confirmation against an unpublished live list - see monitor_runs/dossier_qa_report.md Section 2,report_builder.py (priority_signal_display logic); signal_priority.py,2026-08-08T12:00:00Z,PENDING_RERUN
kern_27812008004_prop_intel_dossier.md,Kern,Lien Risk Tier: HIGH,Equity / Assessed-Value Indicator: LOW (with disclaimer),Shared remediation: field was a pure equity-ratio proxy labeled as if a lien/title review had been performed,predictive_scorer.py (equity_signal logic),2026-08-08T12:00:00Z,PENDING_RERUN
kern_27815102002_prop_intel_dossier.md,Kern,"**APN**: 278-151-02-00-2 (mislabeled - this is the ATN, not the assessor parcel number)",**Source Identifier**: 278-151-02-00-2 (ATN) / **Assessor APN**: 278-151-02 (NOT_VERIFIED),DOSSIER_QA finding: ATN mislabeled as APN in 245/245 Kern dossiers - see property_model.py and monitor_runs/dossier_qa_report.md Section 1,kern/kern_enrich_docnum_verified.py; property_model.py:atn_to_assessor_parcel_number,2026-08-08T12:00:00Z,PENDING_RERUN
kern_27815102002_prop_intel_dossier.md,Kern,PRIORITY SIGNAL: GOING TO AUCTION in 37 days (2026-09-14 - 2026-09-16),PUBLIC-RECORD SIGNAL: Tax-default / Power-to-Sell public-record indicator; parcel-specific auction status not verified (county auction window ...,DOSSIER_QA finding: overclaimed parcel-specific auction-list confirmation against an unpublished live list - see monitor_runs/dossier_qa_report.md Section 2,report_builder.py (priority_signal_display logic); signal_priority.py,2026-08-08T12:00:00Z,PENDING_RERUN
kern_27815102002_prop_intel_dossier.md,Kern,Lien Risk Tier: HIGH,Equity / Assessed-Value Indicator: LOW (with disclaimer),Shared remediation: field was a pure equity-ratio proxy labeled as if a lien/title review had been performed,predictive_scorer.py (equity_signal logic),2026-08-08T12:00:00Z,PENDING_RERUN
kern_27815233009_prop_intel_dossier.md,Kern,"**APN**: 278-152-33-00-9 (mislabeled - this is the ATN, not the assessor parcel number)",**Source Identifier**: 278-152-33-00-9 (ATN) / **Assessor APN**: 278-152-33 (NOT_VERIFIED),DOSSIER_QA finding: ATN mislabeled as APN in 245/245 Kern dossiers - see property_model.py and monitor_runs/dossier_qa_report.md Section 1,kern/kern_enrich_docnum_verified.py; property_model.py:atn_to_assessor_parcel_number,2026-08-08T12:00:00Z,PENDING_RERUN
kern_27815233009_prop_intel_dossier.md,Kern,PRIORITY SIGNAL: GOING TO AUCTION in 37 days (2026-09-14 - 2026-09-16),PUBLIC-RECORD SIGNAL: Tax-default / Power-to-Sell public-record indicator; parcel-specific auction status not verified (county auction window ...,DOSSIER_QA finding: overclaimed parcel-specific auction-list confirmation against an unpublished live list - see monitor_runs/dossier_qa_report.md Section 2,report_builder.py (priority_signal_display logic); signal_priority.py,2026-08-08T12:00:00Z,PENDING_RERUN
kern_27815233009_prop_intel_dossier.md,Kern,Lien Risk Tier: HIGH,Equity / Assessed-Value Indicator: LOW (with disclaimer),Shared remediation: field was a pure equity-ratio proxy labeled as if a lien/title review had been performed,predictive_scorer.py (equity_signal logic),2026-08-08T12:00:00Z,PENDING_RERUN
kern_27815301003_prop_intel_dossier.md,Kern,"**APN**: 278-153-01-00-3 (mislabeled - this is the ATN, not the assessor parcel number)",**Source Identifier**: 278-153-01-00-3 (ATN) / **Assessor APN**: 278-153-01 (NOT_VERIFIED),DOSSIER_QA finding: ATN mislabeled as APN in 245/245 Kern dossiers - see property_model.py and monitor_runs/dossier_qa_report.md Section 1,kern/kern_enrich_docnum_verified.py; property_model.py:atn_to_assessor_parcel_number,2026-08-08T12:00:00Z,PENDING_RERUN
kern_27815301003_prop_intel_dossier.md,Kern,PRIORITY SIGNAL: GOING TO AUCTION in 37 days (2026-09-14 - 2026-09-16),PUBLIC-RECORD SIGNAL: Tax-default / Power-to-Sell public-record indicator; parcel-specific auction status not verified (county auction window ...,DOSSIER_QA finding: overclaimed parcel-specific auction-list confirmation against an unpublished live list - see monitor_runs/dossier_qa_report.md Section 2,report_builder.py (priority_signal_display logic); signal_priority.py,2026-08-08T12:00:00Z,PENDING_RERUN
kern_27815301003_prop_intel_dossier.md,Kern,Lien Risk Tier: HIGH,Equity / Assessed-Value Indicator: LOW (with disclaimer),Shared remediation: field was a pure equity-ratio proxy labeled as if a lien/title review had been performed,predictive_scorer.py (equity_signal logic),2026-08-08T12:00:00Z,PENDING_RERUN
kern_27816101002_prop_intel_dossier.md,Kern,"**APN**: 278-161-01-00-2 (mislabeled - this is the ATN, not the assessor parcel number)",**Source Identifier**: 278-161-01-00-2 (ATN) / **Assessor APN**: 278-161-01 (NOT_VERIFIED),DOSSIER_QA finding: ATN mislabeled as APN in 245/245 Kern dossiers - see property_model.py and monitor_runs/dossier_qa_report.md Section 1,kern/kern_enrich_docnum_verified.py; property_model.py:atn_to_assessor_parcel_number,2026-08-08T12:00:00Z,PENDING_RERUN
kern_27816101002_prop_intel_dossier.md,Kern,PRIORITY SIGNAL: GOING TO AUCTION in 37 days (2026-09-14 - 2026-09-16),PUBLIC-RECORD SIGNAL: Tax-default / Power-to-Sell public-record indicator; parcel-specific auction status not verified (county auction window ...,DOSSIER_QA finding: overclaimed parcel-specific auction-list confirmation against an unpublished live list - see monitor_runs/dossier_qa_report.md Section 2,report_builder.py (priority_signal_display logic); signal_priority.py,2026-08-08T12:00:00Z,PENDING_RERUN
kern_27816101002_prop_intel_dossier.md,Kern,Lien Risk Tier: HIGH,Equity / Assessed-Value Indicator: LOW (with disclaimer),Shared remediation: field was a pure equity-ratio proxy labeled as if a lien/title review had been performed,predictive_scorer.py (equity_signal logic),2026-08-08T12:00:00Z,PENDING_RERUN
kern_27818131005_prop_intel_dossier.md,Kern,"**APN**: 278-181-31-00-5 (mislabeled - this is the ATN, not the assessor parcel number)",**Source Identifier**: 278-181-31-00-5 (ATN) / **Assessor APN**: 278-181-31 (NOT_VERIFIED),DOSSIER_QA finding: ATN mislabeled as APN in 245/245 Kern dossiers - see property_model.py and monitor_runs/dossier_qa_report.md Section 1,kern/kern_enrich_docnum_verified.py; property_model.py:atn_to_assessor_parcel_number,2026-08-08T12:00:00Z,PENDING_RERUN
kern_27818131005_prop_intel_dossier.md,Kern,PRIORITY SIGNAL: GOING TO AUCTION in 37 days (2026-09-14 - 2026-09-16),PUBLIC-RECORD SIGNAL: Tax-default / Power-to-Sell public-record indicator; parcel-specific auction status not verified (county auction window ...,DOSSIER_QA finding: overclaimed parcel-specific auction-list confirmation against an unpublished live list - see monitor_runs/dossier_qa_report.md Section 2,report_builder.py (priority_signal_display logic); signal_priority.py,2026-08-08T12:00:00Z,PENDING_RERUN
kern_27818131005_prop_intel_dossier.md,Kern,Lien Risk Tier: HIGH,Equity / Assessed-Value Indicator: LOW (with disclaimer),Shared remediation: field was a pure equity-ratio proxy labeled as if a lien/title review had been performed,predictive_scorer.py (equity_signal logic),2026-08-08T12:00:00Z,PENDING_RERUN
kern_27819209002_prop_intel_dossier.md,Kern,"**APN**: 278-192-09-00-2 (mislabeled - this is the ATN, not the assessor parcel number)",**Source Identifier**: 278-192-09-00-2 (ATN) / **Assessor APN**: 278-192-09 (NOT_VERIFIED),DOSSIER_QA finding: ATN mislabeled as APN in 245/245 Kern dossiers - see property_model.py and monitor_runs/dossier_qa_report.md Section 1,kern/kern_enrich_docnum_verified.py; property_model.py:atn_to_assessor_parcel_number,2026-08-08T12:00:00Z,PENDING_RERUN
kern_27819209002_prop_intel_dossier.md,Kern,PRIORITY SIGNAL: GOING TO AUCTION in 37 days (2026-09-14 - 2026-09-16),PUBLIC-RECORD SIGNAL: Tax-default / Power-to-Sell public-record indicator; parcel-specific auction status not verified (county auction window ...,DOSSIER_QA finding: overclaimed parcel-specific auction-list confirmation against an unpublished live list - see monitor_runs/dossier_qa_report.md Section 2,report_builder.py (priority_signal_display logic); signal_priority.py,2026-08-08T12:00:00Z,PENDING_RERUN
kern_27819209002_prop_intel_dossier.md,Kern,Lien Risk Tier: HIGH,Equity / Assessed-Value Indicator: LOW (with disclaimer),Shared remediation: field was a pure equity-ratio proxy labeled as if a lien/title review had been performed,predictive_scorer.py (equity_signal logic),2026-08-08T12:00:00Z,PENDING_RERUN
kern_27822218006_prop_intel_dossier.md,Kern,"**APN**: 278-222-18-00-6 (mislabeled - this is the ATN, not the assessor parcel number)",**Source Identifier**: 278-222-18-00-6 (ATN) / **Assessor APN**: 278-222-18 (NOT_VERIFIED),DOSSIER_QA finding: ATN mislabeled as APN in 245/245 Kern dossiers - see property_model.py and monitor_runs/dossier_qa_report.md Section 1,kern/kern_enrich_docnum_verified.py; property_model.py:atn_to_assessor_parcel_number,2026-08-08T12:00:00Z,PENDING_RERUN
kern_27822218006_prop_intel_dossier.md,Kern,PRIORITY SIGNAL: GOING TO AUCTION in 37 days (2026-09-14 - 2026-09-16),PUBLIC-RECORD SIGNAL: Tax-default / Power-to-Sell public-record indicator; parcel-specific auction status not verified (county auction window ...,DOSSIER_QA finding: overclaimed parcel-specific auction-list confirmation against an unpublished live list - see monitor_runs/dossier_qa_report.md Section 2,report_builder.py (priority_signal_display logic); signal_priority.py,2026-08-08T12:00:00Z,PENDING_RERUN
kern_27822218006_prop_intel_dossier.md,Kern,Lien Risk Tier: HIGH,Equity / Assessed-Value Indicator: LOW (with disclaimer),Shared remediation: field was a pure equity-ratio proxy labeled as if a lien/title review had been performed,predictive_scorer.py (equity_signal logic),2026-08-08T12:00:00Z,PENDING_RERUN
kern_27825410005_prop_intel_dossier.md,Kern,"**APN**: 278-254-10-00-5 (mislabeled - this is the ATN, not the assessor parcel number)",**Source Identifier**: 278-254-10-00-5 (ATN) / **Assessor APN**: 278-254-10 (NOT_VERIFIED),DOSSIER_QA finding: ATN mislabeled as APN in 245/245 Kern dossiers - see property_model.py and monitor_runs/dossier_qa_report.md Section 1,kern/kern_enrich_docnum_verified.py; property_model.py:atn_to_assessor_parcel_number,2026-08-08T12:00:00Z,PENDING_RERUN
kern_27825410005_prop_intel_dossier.md,Kern,PRIORITY SIGNAL: GOING TO AUCTION in 37 days (2026-09-14 - 2026-09-16),PUBLIC-RECORD SIGNAL: Tax-default / Power-to-Sell public-record indicator; parcel-specific auction status not verified (county auction window ...,DOSSIER_QA finding: overclaimed parcel-specific auction-list confirmation against an unpublished live list - see monitor_runs/dossier_qa_report.md Section 2,report_builder.py (priority_signal_display logic); signal_priority.py,2026-08-08T12:00:00Z,PENDING_RERUN
kern_27825410005_prop_intel_dossier.md,Kern,Lien Risk Tier: HIGH,Equity / Assessed-Value Indicator: LOW (with disclaimer),Shared remediation: field was a pure equity-ratio proxy labeled as if a lien/title review had been performed,predictive_scorer.py (equity_signal logic),2026-08-08T12:00:00Z,PENDING_RERUN
kern_27902203001_prop_intel_dossier.md,Kern,"**APN**: 279-022-03-00-1 (mislabeled - this is the ATN, not the assessor parcel number)",**Source Identifier**: 279-022-03-00-1 (ATN) / **Assessor APN**: 279-022-03 (NOT_VERIFIED),DOSSIER_QA finding: ATN mislabeled as APN in 245/245 Kern dossiers - see property_model.py and monitor_runs/dossier_qa_report.md Section 1,kern/kern_enrich_docnum_verified.py; property_model.py:atn_to_assessor_parcel_number,2026-08-08T12:00:00Z,PENDING_RERUN
kern_27902203001_prop_intel_dossier.md,Kern,PRIORITY SIGNAL: GOING TO AUCTION in 37 days (2026-09-14 - 2026-09-16),PUBLIC-RECORD SIGNAL: Tax-default / Power-to-Sell public-record indicator; parcel-specific auction status not verified (county auction window ...,DOSSIER_QA finding: overclaimed parcel-specific auction-list confirmation against an unpublished live list - see monitor_runs/dossier_qa_report.md Section 2,report_builder.py (priority_signal_display logic); signal_priority.py,2026-08-08T12:00:00Z,PENDING_RERUN
kern_27902203001_prop_intel_dossier.md,Kern,Lien Risk Tier: HIGH,Equity / Assessed-Value Indicator: LOW (with disclaimer),Shared remediation: field was a pure equity-ratio proxy labeled as if a lien/title review had been performed,predictive_scorer.py (equity_signal logic),2026-08-08T12:00:00Z,PENDING_RERUN
kern_27903106006_prop_intel_dossier.md,Kern,"**APN**: 279-031-06-00-6 (mislabeled - this is the ATN, not the assessor parcel number)",**Source Identifier**: 279-031-06-00-6 (ATN) / **Assessor APN**: 279-031-06 (NOT_VERIFIED),DOSSIER_QA finding: ATN mislabeled as APN in 245/245 Kern dossiers - see property_model.py and monitor_runs/dossier_qa_report.md Section 1,kern/kern_enrich_docnum_verified.py; property_model.py:atn_to_assessor_parcel_number,2026-08-08T12:00:00Z,PENDING_RERUN
kern_27903106006_prop_intel_dossier.md,Kern,PRIORITY SIGNAL: GOING TO AUCTION in 37 days (2026-09-14 - 2026-09-16),PUBLIC-RECORD SIGNAL: Tax-default / Power-to-Sell public-record indicator; parcel-specific auction status not verified (county auction window ...,DOSSIER_QA finding: overclaimed parcel-specific auction-list confirmation against an unpublished live list - see monitor_runs/dossier_qa_report.md Section 2,report_builder.py (priority_signal_display logic); signal_priority.py,2026-08-08T12:00:00Z,PENDING_RERUN
kern_27903106006_prop_intel_dossier.md,Kern,Lien Risk Tier: HIGH,Equity / Assessed-Value Indicator: LOW (with disclaimer),Shared remediation: field was a pure equity-ratio proxy labeled as if a lien/title review had been performed,predictive_scorer.py (equity_signal logic),2026-08-08T12:00:00Z,PENDING_RERUN
kern_27903108002_prop_intel_dossier.md,Kern,"**APN**: 279-031-08-00-2 (mislabeled - this is the ATN, not the assessor parcel number)",**Source Identifier**: 279-031-08-00-2 (ATN) / **Assessor APN**: 279-031-08 (NOT_VERIFIED),DOSSIER_QA finding: ATN mislabeled as APN in 245/245 Kern dossiers - see property_model.py and monitor_runs/dossier_qa_report.md Section 1,kern/kern_enrich_docnum_verified.py; property_model.py:atn_to_assessor_parcel_number,2026-08-08T12:00:00Z,PENDING_RERUN
kern_27903108002_prop_intel_dossier.md,Kern,PRIORITY SIGNAL: GOING TO AUCTION in 37 days (2026-09-14 - 2026-09-16),PUBLIC-RECORD SIGNAL: Tax-default / Power-to-Sell public-record indicator; parcel-specific auction status not verified (county auction window ...,DOSSIER_QA finding: overclaimed parcel-specific auction-list confirmation against an unpublished live list - see monitor_runs/dossier_qa_report.md Section 2,report_builder.py (priority_signal_display logic); signal_priority.py,2026-08-08T12:00:00Z,PENDING_RERUN
kern_27903108002_prop_intel_dossier.md,Kern,Lien Risk Tier: HIGH,Equity / Assessed-Value Indicator: LOW (with disclaimer),Shared remediation: field was a pure equity-ratio proxy labeled as if a lien/title review had been performed,predictive_scorer.py (equity_signal logic),2026-08-08T12:00:00Z,PENDING_RERUN
kern_27906107008_prop_intel_dossier.md,Kern,"**APN**: 279-061-07-00-8 (mislabeled - this is the ATN, not the assessor parcel number)",**Source Identifier**: 279-061-07-00-8 (ATN) / **Assessor APN**: 279-061-07 (NOT_VERIFIED),DOSSIER_QA finding: ATN mislabeled as APN in 245/245 Kern dossiers - see property_model.py and monitor_runs/dossier_qa_report.md Section 1,kern/kern_enrich_docnum_verified.py; property_model.py:atn_to_assessor_parcel_number,2026-08-08T12:00:00Z,PENDING_RERUN
kern_27906107008_prop_intel_dossier.md,Kern,PRIORITY SIGNAL: GOING TO AUCTION in 37 days (2026-09-14 - 2026-09-16),PUBLIC-RECORD SIGNAL: Tax-default / Power-to-Sell public-record indicator; parcel-specific auction status not verified (county auction window ...,DOSSIER_QA finding: overclaimed parcel-specific auction-list confirmation against an unpublished live list - see monitor_runs/dossier_qa_report.md Section 2,report_builder.py (priority_signal_display logic); signal_priority.py,2026-08-08T12:00:00Z,PENDING_RERUN
kern_27906107008_prop_intel_dossier.md,Kern,Lien Risk Tier: HIGH,Equity / Assessed-Value Indicator: LOW (with disclaimer),Shared remediation: field was a pure equity-ratio proxy labeled as if a lien/title review had been performed,predictive_scorer.py (equity_signal logic),2026-08-08T12:00:00Z,PENDING_RERUN
kern_27908212005_prop_intel_dossier.md,Kern,"**APN**: 279-082-12-00-5 (mislabeled - this is the ATN, not the assessor parcel number)",**Source Identifier**: 279-082-12-00-5 (ATN) / **Assessor APN**: 279-082-12 (NOT_VERIFIED),DOSSIER_QA finding: ATN mislabeled as APN in 245/245 Kern dossiers - see property_model.py and monitor_runs/dossier_qa_report.md Section 1,kern/kern_enrich_docnum_verified.py; property_model.py:atn_to_assessor_parcel_number,2026-08-08T12:00:00Z,PENDING_RERUN
kern_27908212005_prop_intel_dossier.md,Kern,PRIORITY SIGNAL: GOING TO AUCTION in 37 days (2026-09-14 - 2026-09-16),PUBLIC-RECORD SIGNAL: Tax-default / Power-to-Sell public-record indicator; parcel-specific auction status not verified (county auction window ...,DOSSIER_QA finding: overclaimed parcel-specific auction-list confirmation against an unpublished live list - see monitor_runs/dossier_qa_report.md Section 2,report_builder.py (priority_signal_display logic); signal_priority.py,2026-08-08T12:00:00Z,PENDING_RERUN
kern_27908212005_prop_intel_dossier.md,Kern,Lien Risk Tier: HIGH,Equity / Assessed-Value Indicator: LOW (with disclaimer),Shared remediation: field was a pure equity-ratio proxy labeled as if a lien/title review had been performed,predictive_scorer.py (equity_signal logic),2026-08-08T12:00:00Z,PENDING_RERUN
kern_27910116005_prop_intel_dossier.md,Kern,"**APN**: 279-101-16-00-5 (mislabeled - this is the ATN, not the assessor parcel number)",**Source Identifier**: 279-101-16-00-5 (ATN) / **Assessor APN**: 279-101-16 (NOT_VERIFIED),DOSSIER_QA finding: ATN mislabeled as APN in 245/245 Kern dossiers - see property_model.py and monitor_runs/dossier_qa_report.md Section 1,kern/kern_enrich_docnum_verified.py; property_model.py:atn_to_assessor_parcel_number,2026-08-08T12:00:00Z,PENDING_RERUN
kern_27910116005_prop_intel_dossier.md,Kern,PRIORITY SIGNAL: GOING TO AUCTION in 37 days (2026-09-14 - 2026-09-16),PUBLIC-RECORD SIGNAL: Tax-default / Power-to-Sell public-record indicator; parcel-specific auction status not verified (county auction window ...,DOSSIER_QA finding: overclaimed parcel-specific auction-list confirmation against an unpublished live list - see monitor_runs/dossier_qa_report.md Section 2,report_builder.py (priority_signal_display logic); signal_priority.py,2026-08-08T12:00:00Z,PENDING_RERUN
kern_27910116005_prop_intel_dossier.md,Kern,Lien Risk Tier: HIGH,Equity / Assessed-Value Indicator: LOW (with disclaimer),Shared remediation: field was a pure equity-ratio proxy labeled as if a lien/title review had been performed,predictive_scorer.py (equity_signal logic),2026-08-08T12:00:00Z,PENDING_RERUN
kern_28018106000_prop_intel_dossier.md,Kern,"**APN**: 280-181-06-00-0 (mislabeled - this is the ATN, not the assessor parcel number)",**Source Identifier**: 280-181-06-00-0 (ATN) / **Assessor APN**: 280-181-06 (NOT_VERIFIED),DOSSIER_QA finding: ATN mislabeled as APN in 245/245 Kern dossiers - see property_model.py and monitor_runs/dossier_qa_report.md Section 1,kern/kern_enrich_docnum_verified.py; property_model.py:atn_to_assessor_parcel_number,2026-08-08T12:00:00Z,PENDING_RERUN
kern_28018106000_prop_intel_dossier.md,Kern,PRIORITY SIGNAL: GOING TO AUCTION in 37 days (2026-09-14 - 2026-09-16),PUBLIC-RECORD SIGNAL: Tax-default / Power-to-Sell public-record indicator; parcel-specific auction status not verified (county auction window ...,DOSSIER_QA finding: overclaimed parcel-specific auction-list confirmation against an unpublished live list - see monitor_runs/dossier_qa_report.md Section 2,report_builder.py (priority_signal_display logic); signal_priority.py,2026-08-08T12:00:00Z,PENDING_RERUN
kern_28018106000_prop_intel_dossier.md,Kern,Lien Risk Tier: HIGH,Equity / Assessed-Value Indicator: LOW (with disclaimer),Shared remediation: field was a pure equity-ratio proxy labeled as if a lien/title review had been performed,predictive_scorer.py (equity_signal logic),2026-08-08T12:00:00Z,PENDING_RERUN
kern_28113102000_prop_intel_dossier.md,Kern,"**APN**: 281-131-02-00-0 (mislabeled - this is the ATN, not the assessor parcel number)",**Source Identifier**: 281-131-02-00-0 (ATN) / **Assessor APN**: 281-131-02 (NOT_VERIFIED),DOSSIER_QA finding: ATN mislabeled as APN in 245/245 Kern dossiers - see property_model.py and monitor_runs/dossier_qa_report.md Section 1,kern/kern_enrich_docnum_verified.py; property_model.py:atn_to_assessor_parcel_number,2026-08-08T12:00:00Z,PENDING_RERUN
kern_28113102000_prop_intel_dossier.md,Kern,PRIORITY SIGNAL: GOING TO AUCTION in 37 days (2026-09-14 - 2026-09-16),PUBLIC-RECORD SIGNAL: Tax-default / Power-to-Sell public-record indicator; parcel-specific auction status not verified (county auction window ...,DOSSIER_QA finding: overclaimed parcel-specific auction-list confirmation against an unpublished live list - see monitor_runs/dossier_qa_report.md Section 2,report_builder.py (priority_signal_display logic); signal_priority.py,2026-08-08T12:00:00Z,PENDING_RERUN
kern_28113102000_prop_intel_dossier.md,Kern,Lien Risk Tier: HIGH,Equity / Assessed-Value Indicator: LOW (with disclaimer),Shared remediation: field was a pure equity-ratio proxy labeled as if a lien/title review had been performed,predictive_scorer.py (equity_signal logic),2026-08-08T12:00:00Z,PENDING_RERUN
kern_28114305006_prop_intel_dossier.md,Kern,"**APN**: 281-143-05-00-6 (mislabeled - this is the ATN, not the assessor parcel number)",**Source Identifier**: 281-143-05-00-6 (ATN) / **Assessor APN**: 281-143-05 (NOT_VERIFIED),DOSSIER_QA finding: ATN mislabeled as APN in 245/245 Kern dossiers - see property_model.py and monitor_runs/dossier_qa_report.md Section 1,kern/kern_enrich_docnum_verified.py; property_model.py:atn_to_assessor_parcel_number,2026-08-08T12:00:00Z,PENDING_RERUN
kern_28114305006_prop_intel_dossier.md,Kern,PRIORITY SIGNAL: GOING TO AUCTION in 37 days (2026-09-14 - 2026-09-16),PUBLIC-RECORD SIGNAL: Tax-default / Power-to-Sell public-record indicator; parcel-specific auction status not verified (county auction window ...,DOSSIER_QA finding: overclaimed parcel-specific auction-list confirmation against an unpublished live list - see monitor_runs/dossier_qa_report.md Section 2,report_builder.py (priority_signal_display logic); signal_priority.py,2026-08-08T12:00:00Z,PENDING_RERUN
kern_28114305006_prop_intel_dossier.md,Kern,Lien Risk Tier: HIGH,Equity / Assessed-Value Indicator: LOW (with disclaimer),Shared remediation: field was a pure equity-ratio proxy labeled as if a lien/title review had been performed,predictive_scorer.py (equity_signal logic),2026-08-08T12:00:00Z,PENDING_RERUN
kern_28119219005_prop_intel_dossier.md,Kern,"**APN**: 281-192-19-00-5 (mislabeled - this is the ATN, not the assessor parcel number)",**Source Identifier**: 281-192-19-00-5 (ATN) / **Assessor APN**: 281-192-19 (NOT_VERIFIED),DOSSIER_QA finding: ATN mislabeled as APN in 245/245 Kern dossiers - see property_model.py and monitor_runs/dossier_qa_report.md Section 1,kern/kern_enrich_docnum_verified.py; property_model.py:atn_to_assessor_parcel_number,2026-08-08T12:00:00Z,PENDING_RERUN
kern_28119219005_prop_intel_dossier.md,Kern,PRIORITY SIGNAL: GOING TO AUCTION in 37 days (2026-09-14 - 2026-09-16),PUBLIC-RECORD SIGNAL: Tax-default / Power-to-Sell public-record indicator; parcel-specific auction status not verified (county auction window ...,DOSSIER_QA finding: overclaimed parcel-specific auction-list confirmation against an unpublished live list - see monitor_runs/dossier_qa_report.md Section 2,report_builder.py (priority_signal_display logic); signal_priority.py,2026-08-08T12:00:00Z,PENDING_RERUN
kern_28119219005_prop_intel_dossier.md,Kern,Lien Risk Tier: HIGH,Equity / Assessed-Value Indicator: LOW (with disclaimer),Shared remediation: field was a pure equity-ratio proxy labeled as if a lien/title review had been performed,predictive_scorer.py (equity_signal logic),2026-08-08T12:00:00Z,PENDING_RERUN
kern_28125005007_prop_intel_dossier.md,Kern,"**APN**: 281-250-05-00-7 (mislabeled - this is the ATN, not the assessor parcel number)",**Source Identifier**: 281-250-05-00-7 (ATN) / **Assessor APN**: 281-250-05 (NOT_VERIFIED),DOSSIER_QA finding: ATN mislabeled as APN in 245/245 Kern dossiers - see property_model.py and monitor_runs/dossier_qa_report.md Section 1,kern/kern_enrich_docnum_verified.py; property_model.py:atn_to_assessor_parcel_number,2026-08-08T12:00:00Z,PENDING_RERUN
kern_28125005007_prop_intel_dossier.md,Kern,PRIORITY SIGNAL: GOING TO AUCTION in 37 days (2026-09-14 - 2026-09-16),PUBLIC-RECORD SIGNAL: Tax-default / Power-to-Sell public-record indicator; parcel-specific auction status not verified (county auction window ...,DOSSIER_QA finding: overclaimed parcel-specific auction-list confirmation against an unpublished live list - see monitor_runs/dossier_qa_report.md Section 2,report_builder.py (priority_signal_display logic); signal_priority.py,2026-08-08T12:00:00Z,PENDING_RERUN
kern_28125005007_prop_intel_dossier.md,Kern,Lien Risk Tier: HIGH,Equity / Assessed-Value Indicator: LOW (with disclaimer),Shared remediation: field was a pure equity-ratio proxy labeled as if a lien/title review had been performed,predictive_scorer.py (equity_signal logic),2026-08-08T12:00:00Z,PENDING_RERUN
kern_28125022006_prop_intel_dossier.md,Kern,"**APN**: 281-250-22-00-6 (mislabeled - this is the ATN, not the assessor parcel number)",**Source Identifier**: 281-250-22-00-6 (ATN) / **Assessor APN**: 281-250-22 (NOT_VERIFIED),DOSSIER_QA finding: ATN mislabeled as APN in 245/245 Kern dossiers - see property_model.py and monitor_runs/dossier_qa_report.md Section 1,kern/kern_enrich_docnum_verified.py; property_model.py:atn_to_assessor_parcel_number,2026-08-08T12:00:00Z,PENDING_RERUN
kern_28125022006_prop_intel_dossier.md,Kern,PRIORITY SIGNAL: GOING TO AUCTION in 37 days (2026-09-14 - 2026-09-16),PUBLIC-RECORD SIGNAL: Tax-default / Power-to-Sell public-record indicator; parcel-specific auction status not verified (county auction window ...,DOSSIER_QA finding: overclaimed parcel-specific auction-list confirmation against an unpublished live list - see monitor_runs/dossier_qa_report.md Section 2,report_builder.py (priority_signal_display logic); signal_priority.py,2026-08-08T12:00:00Z,PENDING_RERUN
kern_28125022006_prop_intel_dossier.md,Kern,Lien Risk Tier: HIGH,Equity / Assessed-Value Indicator: LOW (with disclaimer),Shared remediation: field was a pure equity-ratio proxy labeled as if a lien/title review had been performed,predictive_scorer.py (equity_signal logic),2026-08-08T12:00:00Z,PENDING_RERUN
kern_28214109001_prop_intel_dossier.md,Kern,"**APN**: 282-141-09-00-1 (mislabeled - this is the ATN, not the assessor parcel number)",**Source Identifier**: 282-141-09-00-1 (ATN) / **Assessor APN**: 282-141-09 (NOT_VERIFIED),DOSSIER_QA finding: ATN mislabeled as APN in 245/245 Kern dossiers - see property_model.py and monitor_runs/dossier_qa_report.md Section 1,kern/kern_enrich_docnum_verified.py; property_model.py:atn_to_assessor_parcel_number,2026-08-08T12:00:00Z,PENDING_RERUN
kern_28214109001_prop_intel_dossier.md,Kern,PRIORITY SIGNAL: GOING TO AUCTION in 37 days (2026-09-14 - 2026-09-16),PUBLIC-RECORD SIGNAL: Tax-default / Power-to-Sell public-record indicator; parcel-specific auction status not verified (county auction window ...,DOSSIER_QA finding: overclaimed parcel-specific auction-list confirmation against an unpublished live list - see monitor_runs/dossier_qa_report.md Section 2,report_builder.py (priority_signal_display logic); signal_priority.py,2026-08-08T12:00:00Z,PENDING_RERUN
kern_28214109001_prop_intel_dossier.md,Kern,Lien Risk Tier: HIGH,Equity / Assessed-Value Indicator: LOW (with disclaimer),Shared remediation: field was a pure equity-ratio proxy labeled as if a lien/title review had been performed,predictive_scorer.py (equity_signal logic),2026-08-08T12:00:00Z,PENDING_RERUN
kern_28218112001_prop_intel_dossier.md,Kern,"**APN**: 282-181-12-00-1 (mislabeled - this is the ATN, not the assessor parcel number)",**Source Identifier**: 282-181-12-00-1 (ATN) / **Assessor APN**: 282-181-12 (NOT_VERIFIED),DOSSIER_QA finding: ATN mislabeled as APN in 245/245 Kern dossiers - see property_model.py and monitor_runs/dossier_qa_report.md Section 1,kern/kern_enrich_docnum_verified.py; property_model.py:atn_to_assessor_parcel_number,2026-08-08T12:00:00Z,PENDING_RERUN
kern_28218112001_prop_intel_dossier.md,Kern,PRIORITY SIGNAL: GOING TO AUCTION in 37 days (2026-09-14 - 2026-09-16),PUBLIC-RECORD SIGNAL: Tax-default / Power-to-Sell public-record indicator; parcel-specific auction status not verified (county auction window ...,DOSSIER_QA finding: overclaimed parcel-specific auction-list confirmation against an unpublished live list - see monitor_runs/dossier_qa_report.md Section 2,report_builder.py (priority_signal_display logic); signal_priority.py,2026-08-08T12:00:00Z,PENDING_RERUN
kern_28218112001_prop_intel_dossier.md,Kern,Lien Risk Tier: HIGH,Equity / Assessed-Value Indicator: LOW (with disclaimer),Shared remediation: field was a pure equity-ratio proxy labeled as if a lien/title review had been performed,predictive_scorer.py (equity_signal logic),2026-08-08T12:00:00Z,PENDING_RERUN
kern_28220112006_prop_intel_dossier.md,Kern,"**APN**: 282-201-12-00-6 (mislabeled - this is the ATN, not the assessor parcel number)",**Source Identifier**: 282-201-12-00-6 (ATN) / **Assessor APN**: 282-201-12 (NOT_VERIFIED),DOSSIER_QA finding: ATN mislabeled as APN in 245/245 Kern dossiers - see property_model.py and monitor_runs/dossier_qa_report.md Section 1,kern/kern_enrich_docnum_verified.py; property_model.py:atn_to_assessor_parcel_number,2026-08-08T12:00:00Z,PENDING_RERUN
kern_28220112006_prop_intel_dossier.md,Kern,PRIORITY SIGNAL: GOING TO AUCTION in 37 days (2026-09-14 - 2026-09-16),PUBLIC-RECORD SIGNAL: Tax-default / Power-to-Sell public-record indicator; parcel-specific auction status not verified (county auction window ...,DOSSIER_QA finding: overclaimed parcel-specific auction-list confirmation against an unpublished live list - see monitor_runs/dossier_qa_report.md Section 2,report_builder.py (priority_signal_display logic); signal_priority.py,2026-08-08T12:00:00Z,PENDING_RERUN
kern_28220112006_prop_intel_dossier.md,Kern,Lien Risk Tier: HIGH,Equity / Assessed-Value Indicator: LOW (with disclaimer),Shared remediation: field was a pure equity-ratio proxy labeled as if a lien/title review had been performed,predictive_scorer.py (equity_signal logic),2026-08-08T12:00:00Z,PENDING_RERUN
kern_28224214001_prop_intel_dossier.md,Kern,"**APN**: 282-242-14-00-1 (mislabeled - this is the ATN, not the assessor parcel number)",**Source Identifier**: 282-242-14-00-1 (ATN) / **Assessor APN**: 282-242-14 (NOT_VERIFIED),DOSSIER_QA finding: ATN mislabeled as APN in 245/245 Kern dossiers - see property_model.py and monitor_runs/dossier_qa_report.md Section 1,kern/kern_enrich_docnum_verified.py; property_model.py:atn_to_assessor_parcel_number,2026-08-08T12:00:00Z,PENDING_RERUN
kern_28224214001_prop_intel_dossier.md,Kern,PRIORITY SIGNAL: GOING TO AUCTION in 37 days (2026-09-14 - 2026-09-16),PUBLIC-RECORD SIGNAL: Tax-default / Power-to-Sell public-record indicator; parcel-specific auction status not verified (county auction window ...,DOSSIER_QA finding: overclaimed parcel-specific auction-list confirmation against an unpublished live list - see monitor_runs/dossier_qa_report.md Section 2,report_builder.py (priority_signal_display logic); signal_priority.py,2026-08-08T12:00:00Z,PENDING_RERUN
kern_28224214001_prop_intel_dossier.md,Kern,Lien Risk Tier: HIGH,Equity / Assessed-Value Indicator: LOW (with disclaimer),Shared remediation: field was a pure equity-ratio proxy labeled as if a lien/title review had been performed,predictive_scorer.py (equity_signal logic),2026-08-08T12:00:00Z,PENDING_RERUN
kern_28224303006_prop_intel_dossier.md,Kern,"**APN**: 282-243-03-00-6 (mislabeled - this is the ATN, not the assessor parcel number)",**Source Identifier**: 282-243-03-00-6 (ATN) / **Assessor APN**: 282-243-03 (NOT_VERIFIED),DOSSIER_QA finding: ATN mislabeled as APN in 245/245 Kern dossiers - see property_model.py and monitor_runs/dossier_qa_report.md Section 1,kern/kern_enrich_docnum_verified.py; property_model.py:atn_to_assessor_parcel_number,2026-08-08T12:00:00Z,PENDING_RERUN
kern_28224303006_prop_intel_dossier.md,Kern,PRIORITY SIGNAL: GOING TO AUCTION in 37 days (2026-09-14 - 2026-09-16),PUBLIC-RECORD SIGNAL: Tax-default / Power-to-Sell public-record indicator; parcel-specific auction status not verified (county auction window ...,DOSSIER_QA finding: overclaimed parcel-specific auction-list confirmation against an unpublished live list - see monitor_runs/dossier_qa_report.md Section 2,report_builder.py (priority_signal_display logic); signal_priority.py,2026-08-08T12:00:00Z,PENDING_RERUN
kern_28224303006_prop_intel_dossier.md,Kern,Lien Risk Tier: HIGH,Equity / Assessed-Value Indicator: LOW (with disclaimer),Shared remediation: field was a pure equity-ratio proxy labeled as if a lien/title review had been performed,predictive_scorer.py (equity_signal logic),2026-08-08T12:00:00Z,PENDING_RERUN
kern_28226207007_prop_intel_dossier.md,Kern,"**APN**: 282-262-07-00-7 (mislabeled - this is the ATN, not the assessor parcel number)",**Source Identifier**: 282-262-07-00-7 (ATN) / **Assessor APN**: 282-262-07 (NOT_VERIFIED),DOSSIER_QA finding: ATN mislabeled as APN in 245/245 Kern dossiers - see property_model.py and monitor_runs/dossier_qa_report.md Section 1,kern/kern_enrich_docnum_verified.py; property_model.py:atn_to_assessor_parcel_number,2026-08-08T12:00:00Z,PENDING_RERUN
kern_28226207007_prop_intel_dossier.md,Kern,PRIORITY SIGNAL: GOING TO AUCTION in 37 days (2026-09-14 - 2026-09-16),PUBLIC-RECORD SIGNAL: Tax-default / Power-to-Sell public-record indicator; parcel-specific auction status not verified (county auction window ...,DOSSIER_QA finding: overclaimed parcel-specific auction-list confirmation against an unpublished live list - see monitor_runs/dossier_qa_report.md Section 2,report_builder.py (priority_signal_display logic); signal_priority.py,2026-08-08T12:00:00Z,PENDING_RERUN
kern_28226207007_prop_intel_dossier.md,Kern,Lien Risk Tier: HIGH,Equity / Assessed-Value Indicator: LOW (with disclaimer),Shared remediation: field was a pure equity-ratio proxy labeled as if a lien/title review had been performed,predictive_scorer.py (equity_signal logic),2026-08-08T12:00:00Z,PENDING_RERUN
kern_28230105005_prop_intel_dossier.md,Kern,"**APN**: 282-301-05-00-5 (mislabeled - this is the ATN, not the assessor parcel number)",**Source Identifier**: 282-301-05-00-5 (ATN) / **Assessor APN**: 282-301-05 (NOT_VERIFIED),DOSSIER_QA finding: ATN mislabeled as APN in 245/245 Kern dossiers - see property_model.py and monitor_runs/dossier_qa_report.md Section 1,kern/kern_enrich_docnum_verified.py; property_model.py:atn_to_assessor_parcel_number,2026-08-08T12:00:00Z,PENDING_RERUN
kern_28230105005_prop_intel_dossier.md,Kern,PRIORITY SIGNAL: GOING TO AUCTION in 37 days (2026-09-14 - 2026-09-16),PUBLIC-RECORD SIGNAL: Tax-default / Power-to-Sell public-record indicator; parcel-specific auction status not verified (county auction window ...,DOSSIER_QA finding: overclaimed parcel-specific auction-list confirmation against an unpublished live list - see monitor_runs/dossier_qa_report.md Section 2,report_builder.py (priority_signal_display logic); signal_priority.py,2026-08-08T12:00:00Z,PENDING_RERUN
kern_28230105005_prop_intel_dossier.md,Kern,Lien Risk Tier: HIGH,Equity / Assessed-Value Indicator: LOW (with disclaimer),Shared remediation: field was a pure equity-ratio proxy labeled as if a lien/title review had been performed,predictive_scorer.py (equity_signal logic),2026-08-08T12:00:00Z,PENDING_RERUN
kern_28309202000_prop_intel_dossier.md,Kern,"**APN**: 283-092-02-00-0 (mislabeled - this is the ATN, not the assessor parcel number)",**Source Identifier**: 283-092-02-00-0 (ATN) / **Assessor APN**: 283-092-02 (NOT_VERIFIED),DOSSIER_QA finding: ATN mislabeled as APN in 245/245 Kern dossiers - see property_model.py and monitor_runs/dossier_qa_report.md Section 1,kern/kern_enrich_docnum_verified.py; property_model.py:atn_to_assessor_parcel_number,2026-08-08T12:00:00Z,PENDING_RERUN
kern_28309202000_prop_intel_dossier.md,Kern,PRIORITY SIGNAL: GOING TO AUCTION in 37 days (2026-09-14 - 2026-09-16),PUBLIC-RECORD SIGNAL: Tax-default / Power-to-Sell public-record indicator; parcel-specific auction status not verified (county auction window ...,DOSSIER_QA finding: overclaimed parcel-specific auction-list confirmation against an unpublished live list - see monitor_runs/dossier_qa_report.md Section 2,report_builder.py (priority_signal_display logic); signal_priority.py,2026-08-08T12:00:00Z,PENDING_RERUN
kern_28309202000_prop_intel_dossier.md,Kern,Lien Risk Tier: HIGH,Equity / Assessed-Value Indicator: LOW (with disclaimer),Shared remediation: field was a pure equity-ratio proxy labeled as if a lien/title review had been performed,predictive_scorer.py (equity_signal logic),2026-08-08T12:00:00Z,PENDING_RERUN
kern_28407102004_prop_intel_dossier.md,Kern,"**APN**: 284-071-02-00-4 (mislabeled - this is the ATN, not the assessor parcel number)",**Source Identifier**: 284-071-02-00-4 (ATN) / **Assessor APN**: 284-071-02 (NOT_VERIFIED),DOSSIER_QA finding: ATN mislabeled as APN in 245/245 Kern dossiers - see property_model.py and monitor_runs/dossier_qa_report.md Section 1,kern/kern_enrich_docnum_verified.py; property_model.py:atn_to_assessor_parcel_number,2026-08-08T12:00:00Z,PENDING_RERUN
kern_28407102004_prop_intel_dossier.md,Kern,PRIORITY SIGNAL: GOING TO AUCTION in 37 days (2026-09-14 - 2026-09-16),PUBLIC-RECORD SIGNAL: Tax-default / Power-to-Sell public-record indicator; parcel-specific auction status not verified (county auction window ...,DOSSIER_QA finding: overclaimed parcel-specific auction-list confirmation against an unpublished live list - see monitor_runs/dossier_qa_report.md Section 2,report_builder.py (priority_signal_display logic); signal_priority.py,2026-08-08T12:00:00Z,PENDING_RERUN
kern_28407102004_prop_intel_dossier.md,Kern,Lien Risk Tier: HIGH,Equity / Assessed-Value Indicator: LOW (with disclaimer),Shared remediation: field was a pure equity-ratio proxy labeled as if a lien/title review had been performed,predictive_scorer.py (equity_signal logic),2026-08-08T12:00:00Z,PENDING_RERUN
kern_28407118001_prop_intel_dossier.md,Kern,"**APN**: 284-071-18-00-1 (mislabeled - this is the ATN, not the assessor parcel number)",**Source Identifier**: 284-071-18-00-1 (ATN) / **Assessor APN**: 284-071-18 (NOT_VERIFIED),DOSSIER_QA finding: ATN mislabeled as APN in 245/245 Kern dossiers - see property_model.py and monitor_runs/dossier_qa_report.md Section 1,kern/kern_enrich_docnum_verified.py; property_model.py:atn_to_assessor_parcel_number,2026-08-08T12:00:00Z,PENDING_RERUN
kern_28407118001_prop_intel_dossier.md,Kern,PRIORITY SIGNAL: GOING TO AUCTION in 37 days (2026-09-14 - 2026-09-16),PUBLIC-RECORD SIGNAL: Tax-default / Power-to-Sell public-record indicator; parcel-specific auction status not verified (county auction window ...,DOSSIER_QA finding: overclaimed parcel-specific auction-list confirmation against an unpublished live list - see monitor_runs/dossier_qa_report.md Section 2,report_builder.py (priority_signal_display logic); signal_priority.py,2026-08-08T12:00:00Z,PENDING_RERUN
kern_28407118001_prop_intel_dossier.md,Kern,Lien Risk Tier: HIGH,Equity / Assessed-Value Indicator: LOW (with disclaimer),Shared remediation: field was a pure equity-ratio proxy labeled as if a lien/title review had been performed,predictive_scorer.py (equity_signal logic),2026-08-08T12:00:00Z,PENDING_RERUN
kern_28409516009_prop_intel_dossier.md,Kern,"**APN**: 284-095-16-00-9 (mislabeled - this is the ATN, not the assessor parcel number)",**Source Identifier**: 284-095-16-00-9 (ATN) / **Assessor APN**: 284-095-16 (NOT_VERIFIED),DOSSIER_QA finding: ATN mislabeled as APN in 245/245 Kern dossiers - see property_model.py and monitor_runs/dossier_qa_report.md Section 1,kern/kern_enrich_docnum_verified.py; property_model.py:atn_to_assessor_parcel_number,2026-08-08T12:00:00Z,PENDING_RERUN
kern_28409516009_prop_intel_dossier.md,Kern,PRIORITY SIGNAL: GOING TO AUCTION in 37 days (2026-09-14 - 2026-09-16),PUBLIC-RECORD SIGNAL: Tax-default / Power-to-Sell public-record indicator; parcel-specific auction status not verified (county auction window ...,DOSSIER_QA finding: overclaimed parcel-specific auction-list confirmation against an unpublished live list - see monitor_runs/dossier_qa_report.md Section 2,report_builder.py (priority_signal_display logic); signal_priority.py,2026-08-08T12:00:00Z,PENDING_RERUN
kern_28409516009_prop_intel_dossier.md,Kern,Lien Risk Tier: HIGH,Equity / Assessed-Value Indicator: LOW (with disclaimer),Shared remediation: field was a pure equity-ratio proxy labeled as if a lien/title review had been performed,predictive_scorer.py (equity_signal logic),2026-08-08T12:00:00Z,PENDING_RERUN
kern_28409517002_prop_intel_dossier.md,Kern,"**APN**: 284-095-17-00-2 (mislabeled - this is the ATN, not the assessor parcel number)",**Source Identifier**: 284-095-17-00-2 (ATN) / **Assessor APN**: 284-095-17 (NOT_VERIFIED),DOSSIER_QA finding: ATN mislabeled as APN in 245/245 Kern dossiers - see property_model.py and monitor_runs/dossier_qa_report.md Section 1,kern/kern_enrich_docnum_verified.py; property_model.py:atn_to_assessor_parcel_number,2026-08-08T12:00:00Z,PENDING_RERUN
kern_28409517002_prop_intel_dossier.md,Kern,PRIORITY SIGNAL: GOING TO AUCTION in 37 days (2026-09-14 - 2026-09-16),PUBLIC-RECORD SIGNAL: Tax-default / Power-to-Sell public-record indicator; parcel-specific auction status not verified (county auction window ...,DOSSIER_QA finding: overclaimed parcel-specific auction-list confirmation against an unpublished live list - see monitor_runs/dossier_qa_report.md Section 2,report_builder.py (priority_signal_display logic); signal_priority.py,2026-08-08T12:00:00Z,PENDING_RERUN
kern_28409517002_prop_intel_dossier.md,Kern,Lien Risk Tier: HIGH,Equity / Assessed-Value Indicator: LOW (with disclaimer),Shared remediation: field was a pure equity-ratio proxy labeled as if a lien/title review had been performed,predictive_scorer.py (equity_signal logic),2026-08-08T12:00:00Z,PENDING_RERUN
kern_28411216003_prop_intel_dossier.md,Kern,"**APN**: 284-112-16-00-3 (mislabeled - this is the ATN, not the assessor parcel number)",**Source Identifier**: 284-112-16-00-3 (ATN) / **Assessor APN**: 284-112-16 (NOT_VERIFIED),DOSSIER_QA finding: ATN mislabeled as APN in 245/245 Kern dossiers - see property_model.py and monitor_runs/dossier_qa_report.md Section 1,kern/kern_enrich_docnum_verified.py; property_model.py:atn_to_assessor_parcel_number,2026-08-08T12:00:00Z,PENDING_RERUN
kern_28411216003_prop_intel_dossier.md,Kern,PRIORITY SIGNAL: GOING TO AUCTION in 37 days (2026-09-14 - 2026-09-16),PUBLIC-RECORD SIGNAL: Tax-default / Power-to-Sell public-record indicator; parcel-specific auction status not verified (county auction window ...,DOSSIER_QA finding: overclaimed parcel-specific auction-list confirmation against an unpublished live list - see monitor_runs/dossier_qa_report.md Section 2,report_builder.py (priority_signal_display logic); signal_priority.py,2026-08-08T12:00:00Z,PENDING_RERUN
kern_28411216003_prop_intel_dossier.md,Kern,Lien Risk Tier: HIGH,Equity / Assessed-Value Indicator: LOW (with disclaimer),Shared remediation: field was a pure equity-ratio proxy labeled as if a lien/title review had been performed,predictive_scorer.py (equity_signal logic),2026-08-08T12:00:00Z,PENDING_RERUN
kern_28412210008_prop_intel_dossier.md,Kern,"**APN**: 284-122-10-00-8 (mislabeled - this is the ATN, not the assessor parcel number)",**Source Identifier**: 284-122-10-00-8 (ATN) / **Assessor APN**: 284-122-10 (NOT_VERIFIED),DOSSIER_QA finding: ATN mislabeled as APN in 245/245 Kern dossiers - see property_model.py and monitor_runs/dossier_qa_report.md Section 1,kern/kern_enrich_docnum_verified.py; property_model.py:atn_to_assessor_parcel_number,2026-08-08T12:00:00Z,PENDING_RERUN
kern_28412210008_prop_intel_dossier.md,Kern,PRIORITY SIGNAL: GOING TO AUCTION in 37 days (2026-09-14 - 2026-09-16),PUBLIC-RECORD SIGNAL: Tax-default / Power-to-Sell public-record indicator; parcel-specific auction status not verified (county auction window ...,DOSSIER_QA finding: overclaimed parcel-specific auction-list confirmation against an unpublished live list - see monitor_runs/dossier_qa_report.md Section 2,report_builder.py (priority_signal_display logic); signal_priority.py,2026-08-08T12:00:00Z,PENDING_RERUN
kern_28412210008_prop_intel_dossier.md,Kern,Lien Risk Tier: HIGH,Equity / Assessed-Value Indicator: LOW (with disclaimer),Shared remediation: field was a pure equity-ratio proxy labeled as if a lien/title review had been performed,predictive_scorer.py (equity_signal logic),2026-08-08T12:00:00Z,PENDING_RERUN
kern_28412218002_prop_intel_dossier.md,Kern,"**APN**: 284-122-18-00-2 (mislabeled - this is the ATN, not the assessor parcel number)",**Source Identifier**: 284-122-18-00-2 (ATN) / **Assessor APN**: 284-122-18 (NOT_VERIFIED),DOSSIER_QA finding: ATN mislabeled as APN in 245/245 Kern dossiers - see property_model.py and monitor_runs/dossier_qa_report.md Section 1,kern/kern_enrich_docnum_verified.py; property_model.py:atn_to_assessor_parcel_number,2026-08-08T12:00:00Z,PENDING_RERUN
kern_28412218002_prop_intel_dossier.md,Kern,PRIORITY SIGNAL: GOING TO AUCTION in 37 days (2026-09-14 - 2026-09-16),PUBLIC-RECORD SIGNAL: Tax-default / Power-to-Sell public-record indicator; parcel-specific auction status not verified (county auction window ...,DOSSIER_QA finding: overclaimed parcel-specific auction-list confirmation against an unpublished live list - see monitor_runs/dossier_qa_report.md Section 2,report_builder.py (priority_signal_display logic); signal_priority.py,2026-08-08T12:00:00Z,PENDING_RERUN
kern_28412218002_prop_intel_dossier.md,Kern,Lien Risk Tier: HIGH,Equity / Assessed-Value Indicator: LOW (with disclaimer),Shared remediation: field was a pure equity-ratio proxy labeled as if a lien/title review had been performed,predictive_scorer.py (equity_signal logic),2026-08-08T12:00:00Z,PENDING_RERUN
kern_28505206004_prop_intel_dossier.md,Kern,"**APN**: 285-052-06-00-4 (mislabeled - this is the ATN, not the assessor parcel number)",**Source Identifier**: 285-052-06-00-4 (ATN) / **Assessor APN**: 285-052-06 (NOT_VERIFIED),DOSSIER_QA finding: ATN mislabeled as APN in 245/245 Kern dossiers - see property_model.py and monitor_runs/dossier_qa_report.md Section 1,kern/kern_enrich_docnum_verified.py; property_model.py:atn_to_assessor_parcel_number,2026-08-08T12:00:00Z,PENDING_RERUN
kern_28505206004_prop_intel_dossier.md,Kern,PRIORITY SIGNAL: GOING TO AUCTION in 37 days (2026-09-14 - 2026-09-16),PUBLIC-RECORD SIGNAL: Tax-default / Power-to-Sell public-record indicator; parcel-specific auction status not verified (county auction window ...,DOSSIER_QA finding: overclaimed parcel-specific auction-list confirmation against an unpublished live list - see monitor_runs/dossier_qa_report.md Section 2,report_builder.py (priority_signal_display logic); signal_priority.py,2026-08-08T12:00:00Z,PENDING_RERUN
kern_28505206004_prop_intel_dossier.md,Kern,Lien Risk Tier: HIGH,Equity / Assessed-Value Indicator: LOW (with disclaimer),Shared remediation: field was a pure equity-ratio proxy labeled as if a lien/title review had been performed,predictive_scorer.py (equity_signal logic),2026-08-08T12:00:00Z,PENDING_RERUN
kern_28505309000_prop_intel_dossier.md,Kern,"**APN**: 285-053-09-00-0 (mislabeled - this is the ATN, not the assessor parcel number)",**Source Identifier**: 285-053-09-00-0 (ATN) / **Assessor APN**: 285-053-09 (NOT_VERIFIED),DOSSIER_QA finding: ATN mislabeled as APN in 245/245 Kern dossiers - see property_model.py and monitor_runs/dossier_qa_report.md Section 1,kern/kern_enrich_docnum_verified.py; property_model.py:atn_to_assessor_parcel_number,2026-08-08T12:00:00Z,PENDING_RERUN
kern_28505309000_prop_intel_dossier.md,Kern,PRIORITY SIGNAL: GOING TO AUCTION in 37 days (2026-09-14 - 2026-09-16),PUBLIC-RECORD SIGNAL: Tax-default / Power-to-Sell public-record indicator; parcel-specific auction status not verified (county auction window ...,DOSSIER_QA finding: overclaimed parcel-specific auction-list confirmation against an unpublished live list - see monitor_runs/dossier_qa_report.md Section 2,report_builder.py (priority_signal_display logic); signal_priority.py,2026-08-08T12:00:00Z,PENDING_RERUN
kern_28505309000_prop_intel_dossier.md,Kern,Lien Risk Tier: HIGH,Equity / Assessed-Value Indicator: LOW (with disclaimer),Shared remediation: field was a pure equity-ratio proxy labeled as if a lien/title review had been performed,predictive_scorer.py (equity_signal logic),2026-08-08T12:00:00Z,PENDING_RERUN
kern_28505514008_prop_intel_dossier.md,Kern,"**APN**: 285-055-14-00-8 (mislabeled - this is the ATN, not the assessor parcel number)",**Source Identifier**: 285-055-14-00-8 (ATN) / **Assessor APN**: 285-055-14 (NOT_VERIFIED),DOSSIER_QA finding: ATN mislabeled as APN in 245/245 Kern dossiers - see property_model.py and monitor_runs/dossier_qa_report.md Section 1,kern/kern_enrich_docnum_verified.py; property_model.py:atn_to_assessor_parcel_number,2026-08-08T12:00:00Z,PENDING_RERUN
kern_28505514008_prop_intel_dossier.md,Kern,PRIORITY SIGNAL: GOING TO AUCTION in 37 days (2026-09-14 - 2026-09-16),PUBLIC-RECORD SIGNAL: Tax-default / Power-to-Sell public-record indicator; parcel-specific auction status not verified (county auction window ...,DOSSIER_QA finding: overclaimed parcel-specific auction-list confirmation against an unpublished live list - see monitor_runs/dossier_qa_report.md Section 2,report_builder.py (priority_signal_display logic); signal_priority.py,2026-08-08T12:00:00Z,PENDING_RERUN
kern_28505514008_prop_intel_dossier.md,Kern,Lien Risk Tier: HIGH,Equity / Assessed-Value Indicator: LOW (with disclaimer),Shared remediation: field was a pure equity-ratio proxy labeled as if a lien/title review had been performed,predictive_scorer.py (equity_signal logic),2026-08-08T12:00:00Z,PENDING_RERUN
kern_28519313002_prop_intel_dossier.md,Kern,"**APN**: 285-193-13-00-2 (mislabeled - this is the ATN, not the assessor parcel number)",**Source Identifier**: 285-193-13-00-2 (ATN) / **Assessor APN**: 285-193-13 (NOT_VERIFIED),DOSSIER_QA finding: ATN mislabeled as APN in 245/245 Kern dossiers - see property_model.py and monitor_runs/dossier_qa_report.md Section 1,kern/kern_enrich_docnum_verified.py; property_model.py:atn_to_assessor_parcel_number,2026-08-08T12:00:00Z,PENDING_RERUN
kern_28519313002_prop_intel_dossier.md,Kern,PRIORITY SIGNAL: GOING TO AUCTION in 37 days (2026-09-14 - 2026-09-16),PUBLIC-RECORD SIGNAL: Tax-default / Power-to-Sell public-record indicator; parcel-specific auction status not verified (county auction window ...,DOSSIER_QA finding: overclaimed parcel-specific auction-list confirmation against an unpublished live list - see monitor_runs/dossier_qa_report.md Section 2,report_builder.py (priority_signal_display logic); signal_priority.py,2026-08-08T12:00:00Z,PENDING_RERUN
kern_28519313002_prop_intel_dossier.md,Kern,Lien Risk Tier: HIGH,Equity / Assessed-Value Indicator: LOW (with disclaimer),Shared remediation: field was a pure equity-ratio proxy labeled as if a lien/title review had been performed,predictive_scorer.py (equity_signal logic),2026-08-08T12:00:00Z,PENDING_RERUN
kern_28702106002_prop_intel_dossier.md,Kern,"**APN**: 287-021-06-00-2 (mislabeled - this is the ATN, not the assessor parcel number)",**Source Identifier**: 287-021-06-00-2 (ATN) / **Assessor APN**: 287-021-06 (NOT_VERIFIED),DOSSIER_QA finding: ATN mislabeled as APN in 245/245 Kern dossiers - see property_model.py and monitor_runs/dossier_qa_report.md Section 1,kern/kern_enrich_docnum_verified.py; property_model.py:atn_to_assessor_parcel_number,2026-08-08T12:00:00Z,PENDING_RERUN
kern_28702106002_prop_intel_dossier.md,Kern,PRIORITY SIGNAL: GOING TO AUCTION in 37 days (2026-09-14 - 2026-09-16),PUBLIC-RECORD SIGNAL: Tax-default / Power-to-Sell public-record indicator; parcel-specific auction status not verified (county auction window ...,DOSSIER_QA finding: overclaimed parcel-specific auction-list confirmation against an unpublished live list - see monitor_runs/dossier_qa_report.md Section 2,report_builder.py (priority_signal_display logic); signal_priority.py,2026-08-08T12:00:00Z,PENDING_RERUN
kern_28702106002_prop_intel_dossier.md,Kern,Lien Risk Tier: HIGH,Equity / Assessed-Value Indicator: LOW (with disclaimer),Shared remediation: field was a pure equity-ratio proxy labeled as if a lien/title review had been performed,predictive_scorer.py (equity_signal logic),2026-08-08T12:00:00Z,PENDING_RERUN
kern_28704202003_prop_intel_dossier.md,Kern,"**APN**: 287-042-02-00-3 (mislabeled - this is the ATN, not the assessor parcel number)",**Source Identifier**: 287-042-02-00-3 (ATN) / **Assessor APN**: 287-042-02 (NOT_VERIFIED),DOSSIER_QA finding: ATN mislabeled as APN in 245/245 Kern dossiers - see property_model.py and monitor_runs/dossier_qa_report.md Section 1,kern/kern_enrich_docnum_verified.py; property_model.py:atn_to_assessor_parcel_number,2026-08-08T12:00:00Z,PENDING_RERUN
kern_28704202003_prop_intel_dossier.md,Kern,PRIORITY SIGNAL: GOING TO AUCTION in 37 days (2026-09-14 - 2026-09-16),PUBLIC-RECORD SIGNAL: Tax-default / Power-to-Sell public-record indicator; parcel-specific auction status not verified (county auction window ...,DOSSIER_QA finding: overclaimed parcel-specific auction-list confirmation against an unpublished live list - see monitor_runs/dossier_qa_report.md Section 2,report_builder.py (priority_signal_display logic); signal_priority.py,2026-08-08T12:00:00Z,PENDING_RERUN
kern_28704202003_prop_intel_dossier.md,Kern,Lien Risk Tier: HIGH,Equity / Assessed-Value Indicator: LOW (with disclaimer),Shared remediation: field was a pure equity-ratio proxy labeled as if a lien/title review had been performed,predictive_scorer.py (equity_signal logic),2026-08-08T12:00:00Z,PENDING_RERUN
kern_28706302006_prop_intel_dossier.md,Kern,"**APN**: 287-063-02-00-6 (mislabeled - this is the ATN, not the assessor parcel number)",**Source Identifier**: 287-063-02-00-6 (ATN) / **Assessor APN**: 287-063-02 (NOT_VERIFIED),DOSSIER_QA finding: ATN mislabeled as APN in 245/245 Kern dossiers - see property_model.py and monitor_runs/dossier_qa_report.md Section 1,kern/kern_enrich_docnum_verified.py; property_model.py:atn_to_assessor_parcel_number,2026-08-08T12:00:00Z,PENDING_RERUN
kern_28706302006_prop_intel_dossier.md,Kern,PRIORITY SIGNAL: GOING TO AUCTION in 37 days (2026-09-14 - 2026-09-16),PUBLIC-RECORD SIGNAL: Tax-default / Power-to-Sell public-record indicator; parcel-specific auction status not verified (county auction window ...,DOSSIER_QA finding: overclaimed parcel-specific auction-list confirmation against an unpublished live list - see monitor_runs/dossier_qa_report.md Section 2,report_builder.py (priority_signal_display logic); signal_priority.py,2026-08-08T12:00:00Z,PENDING_RERUN
kern_28706302006_prop_intel_dossier.md,Kern,Lien Risk Tier: HIGH,Equity / Assessed-Value Indicator: LOW (with disclaimer),Shared remediation: field was a pure equity-ratio proxy labeled as if a lien/title review had been performed,predictive_scorer.py (equity_signal logic),2026-08-08T12:00:00Z,PENDING_RERUN
kern_28707202002_prop_intel_dossier.md,Kern,"**APN**: 287-072-02-00-2 (mislabeled - this is the ATN, not the assessor parcel number)",**Source Identifier**: 287-072-02-00-2 (ATN) / **Assessor APN**: 287-072-02 (NOT_VERIFIED),DOSSIER_QA finding: ATN mislabeled as APN in 245/245 Kern dossiers - see property_model.py and monitor_runs/dossier_qa_report.md Section 1,kern/kern_enrich_docnum_verified.py; property_model.py:atn_to_assessor_parcel_number,2026-08-08T12:00:00Z,PENDING_RERUN
kern_28707202002_prop_intel_dossier.md,Kern,PRIORITY SIGNAL: GOING TO AUCTION in 37 days (2026-09-14 - 2026-09-16),PUBLIC-RECORD SIGNAL: Tax-default / Power-to-Sell public-record indicator; parcel-specific auction status not verified (county auction window ...,DOSSIER_QA finding: overclaimed parcel-specific auction-list confirmation against an unpublished live list - see monitor_runs/dossier_qa_report.md Section 2,report_builder.py (priority_signal_display logic); signal_priority.py,2026-08-08T12:00:00Z,PENDING_RERUN
kern_28707202002_prop_intel_dossier.md,Kern,Lien Risk Tier: HIGH,Equity / Assessed-Value Indicator: LOW (with disclaimer),Shared remediation: field was a pure equity-ratio proxy labeled as if a lien/title review had been performed,predictive_scorer.py (equity_signal logic),2026-08-08T12:00:00Z,PENDING_RERUN
kern_28707213004_prop_intel_dossier.md,Kern,"**APN**: 287-072-13-00-4 (mislabeled - this is the ATN, not the assessor parcel number)",**Source Identifier**: 287-072-13-00-4 (ATN) / **Assessor APN**: 287-072-13 (NOT_VERIFIED),DOSSIER_QA finding: ATN mislabeled as APN in 245/245 Kern dossiers - see property_model.py and monitor_runs/dossier_qa_report.md Section 1,kern/kern_enrich_docnum_verified.py; property_model.py:atn_to_assessor_parcel_number,2026-08-08T12:00:00Z,PENDING_RERUN
kern_28707213004_prop_intel_dossier.md,Kern,PRIORITY SIGNAL: GOING TO AUCTION in 37 days (2026-09-14 - 2026-09-16),PUBLIC-RECORD SIGNAL: Tax-default / Power-to-Sell public-record indicator; parcel-specific auction status not verified (county auction window ...,DOSSIER_QA finding: overclaimed parcel-specific auction-list confirmation against an unpublished live list - see monitor_runs/dossier_qa_report.md Section 2,report_builder.py (priority_signal_display logic); signal_priority.py,2026-08-08T12:00:00Z,PENDING_RERUN
kern_28707213004_prop_intel_dossier.md,Kern,Lien Risk Tier: HIGH,Equity / Assessed-Value Indicator: LOW (with disclaimer),Shared remediation: field was a pure equity-ratio proxy labeled as if a lien/title review had been performed,predictive_scorer.py (equity_signal logic),2026-08-08T12:00:00Z,PENDING_RERUN
kern_28710208008_prop_intel_dossier.md,Kern,"**APN**: 287-102-08-00-8 (mislabeled - this is the ATN, not the assessor parcel number)",**Source Identifier**: 287-102-08-00-8 (ATN) / **Assessor APN**: 287-102-08 (NOT_VERIFIED),DOSSIER_QA finding: ATN mislabeled as APN in 245/245 Kern dossiers - see property_model.py and monitor_runs/dossier_qa_report.md Section 1,kern/kern_enrich_docnum_verified.py; property_model.py:atn_to_assessor_parcel_number,2026-08-08T12:00:00Z,PENDING_RERUN
kern_28710208008_prop_intel_dossier.md,Kern,PRIORITY SIGNAL: GOING TO AUCTION in 37 days (2026-09-14 - 2026-09-16),PUBLIC-RECORD SIGNAL: Tax-default / Power-to-Sell public-record indicator; parcel-specific auction status not verified (county auction window ...,DOSSIER_QA finding: overclaimed parcel-specific auction-list confirmation against an unpublished live list - see monitor_runs/dossier_qa_report.md Section 2,report_builder.py (priority_signal_display logic); signal_priority.py,2026-08-08T12:00:00Z,PENDING_RERUN
kern_28710208008_prop_intel_dossier.md,Kern,Lien Risk Tier: HIGH,Equity / Assessed-Value Indicator: LOW (with disclaimer),Shared remediation: field was a pure equity-ratio proxy labeled as if a lien/title review had been performed,predictive_scorer.py (equity_signal logic),2026-08-08T12:00:00Z,PENDING_RERUN
kern_28714203005_prop_intel_dossier.md,Kern,"**APN**: 287-142-03-00-5 (mislabeled - this is the ATN, not the assessor parcel number)",**Source Identifier**: 287-142-03-00-5 (ATN) / **Assessor APN**: 287-142-03 (NOT_VERIFIED),DOSSIER_QA finding: ATN mislabeled as APN in 245/245 Kern dossiers - see property_model.py and monitor_runs/dossier_qa_report.md Section 1,kern/kern_enrich_docnum_verified.py; property_model.py:atn_to_assessor_parcel_number,2026-08-08T12:00:00Z,PENDING_RERUN
kern_28714203005_prop_intel_dossier.md,Kern,PRIORITY SIGNAL: GOING TO AUCTION in 37 days (2026-09-14 - 2026-09-16),PUBLIC-RECORD SIGNAL: Tax-default / Power-to-Sell public-record indicator; parcel-specific auction status not verified (county auction window ...,DOSSIER_QA finding: overclaimed parcel-specific auction-list confirmation against an unpublished live list - see monitor_runs/dossier_qa_report.md Section 2,report_builder.py (priority_signal_display logic); signal_priority.py,2026-08-08T12:00:00Z,PENDING_RERUN
kern_28714203005_prop_intel_dossier.md,Kern,Lien Risk Tier: HIGH,Equity / Assessed-Value Indicator: LOW (with disclaimer),Shared remediation: field was a pure equity-ratio proxy labeled as if a lien/title review had been performed,predictive_scorer.py (equity_signal logic),2026-08-08T12:00:00Z,PENDING_RERUN
kern_28715209006_prop_intel_dossier.md,Kern,"**APN**: 287-152-09-00-6 (mislabeled - this is the ATN, not the assessor parcel number)",**Source Identifier**: 287-152-09-00-6 (ATN) / **Assessor APN**: 287-152-09 (NOT_VERIFIED),DOSSIER_QA finding: ATN mislabeled as APN in 245/245 Kern dossiers - see property_model.py and monitor_runs/dossier_qa_report.md Section 1,kern/kern_enrich_docnum_verified.py; property_model.py:atn_to_assessor_parcel_number,2026-08-08T12:00:00Z,PENDING_RERUN
kern_28715209006_prop_intel_dossier.md,Kern,PRIORITY SIGNAL: GOING TO AUCTION in 37 days (2026-09-14 - 2026-09-16),PUBLIC-RECORD SIGNAL: Tax-default / Power-to-Sell public-record indicator; parcel-specific auction status not verified (county auction window ...,DOSSIER_QA finding: overclaimed parcel-specific auction-list confirmation against an unpublished live list - see monitor_runs/dossier_qa_report.md Section 2,report_builder.py (priority_signal_display logic); signal_priority.py,2026-08-08T12:00:00Z,PENDING_RERUN
kern_28715209006_prop_intel_dossier.md,Kern,Lien Risk Tier: HIGH,Equity / Assessed-Value Indicator: LOW (with disclaimer),Shared remediation: field was a pure equity-ratio proxy labeled as if a lien/title review had been performed,predictive_scorer.py (equity_signal logic),2026-08-08T12:00:00Z,PENDING_RERUN
kern_28717115002_prop_intel_dossier.md,Kern,"**APN**: 287-171-15-00-2 (mislabeled - this is the ATN, not the assessor parcel number)",**Source Identifier**: 287-171-15-00-2 (ATN) / **Assessor APN**: 287-171-15 (NOT_VERIFIED),DOSSIER_QA finding: ATN mislabeled as APN in 245/245 Kern dossiers - see property_model.py and monitor_runs/dossier_qa_report.md Section 1,kern/kern_enrich_docnum_verified.py; property_model.py:atn_to_assessor_parcel_number,2026-08-08T12:00:00Z,PENDING_RERUN
kern_28717115002_prop_intel_dossier.md,Kern,PRIORITY SIGNAL: GOING TO AUCTION in 37 days (2026-09-14 - 2026-09-16),PUBLIC-RECORD SIGNAL: Tax-default / Power-to-Sell public-record indicator; parcel-specific auction status not verified (county auction window ...,DOSSIER_QA finding: overclaimed parcel-specific auction-list confirmation against an unpublished live list - see monitor_runs/dossier_qa_report.md Section 2,report_builder.py (priority_signal_display logic); signal_priority.py,2026-08-08T12:00:00Z,PENDING_RERUN
kern_28717115002_prop_intel_dossier.md,Kern,Lien Risk Tier: HIGH,Equity / Assessed-Value Indicator: LOW (with disclaimer),Shared remediation: field was a pure equity-ratio proxy labeled as if a lien/title review had been performed,predictive_scorer.py (equity_signal logic),2026-08-08T12:00:00Z,PENDING_RERUN
kern_28720203002_prop_intel_dossier.md,Kern,"**APN**: 287-202-03-00-2 (mislabeled - this is the ATN, not the assessor parcel number)",**Source Identifier**: 287-202-03-00-2 (ATN) / **Assessor APN**: 287-202-03 (NOT_VERIFIED),DOSSIER_QA finding: ATN mislabeled as APN in 245/245 Kern dossiers - see property_model.py and monitor_runs/dossier_qa_report.md Section 1,kern/kern_enrich_docnum_verified.py; property_model.py:atn_to_assessor_parcel_number,2026-08-08T12:00:00Z,PENDING_RERUN
kern_28720203002_prop_intel_dossier.md,Kern,PRIORITY SIGNAL: GOING TO AUCTION in 37 days (2026-09-14 - 2026-09-16),PUBLIC-RECORD SIGNAL: Tax-default / Power-to-Sell public-record indicator; parcel-specific auction status not verified (county auction window ...,DOSSIER_QA finding: overclaimed parcel-specific auction-list confirmation against an unpublished live list - see monitor_runs/dossier_qa_report.md Section 2,report_builder.py (priority_signal_display logic); signal_priority.py,2026-08-08T12:00:00Z,PENDING_RERUN
kern_28720203002_prop_intel_dossier.md,Kern,Lien Risk Tier: HIGH,Equity / Assessed-Value Indicator: LOW (with disclaimer),Shared remediation: field was a pure equity-ratio proxy labeled as if a lien/title review had been performed,predictive_scorer.py (equity_signal logic),2026-08-08T12:00:00Z,PENDING_RERUN
kern_28809220007_prop_intel_dossier.md,Kern,"**APN**: 288-092-20-00-7 (mislabeled - this is the ATN, not the assessor parcel number)",**Source Identifier**: 288-092-20-00-7 (ATN) / **Assessor APN**: 288-092-20 (NOT_VERIFIED),DOSSIER_QA finding: ATN mislabeled as APN in 245/245 Kern dossiers - see property_model.py and monitor_runs/dossier_qa_report.md Section 1,kern/kern_enrich_docnum_verified.py; property_model.py:atn_to_assessor_parcel_number,2026-08-08T12:00:00Z,PENDING_RERUN
kern_28809220007_prop_intel_dossier.md,Kern,PRIORITY SIGNAL: GOING TO AUCTION in 37 days (2026-09-14 - 2026-09-16),PUBLIC-RECORD SIGNAL: Tax-default / Power-to-Sell public-record indicator; parcel-specific auction status not verified (county auction window ...,DOSSIER_QA finding: overclaimed parcel-specific auction-list confirmation against an unpublished live list - see monitor_runs/dossier_qa_report.md Section 2,report_builder.py (priority_signal_display logic); signal_priority.py,2026-08-08T12:00:00Z,PENDING_RERUN
kern_28809220007_prop_intel_dossier.md,Kern,Lien Risk Tier: HIGH,Equity / Assessed-Value Indicator: LOW (with disclaimer),Shared remediation: field was a pure equity-ratio proxy labeled as if a lien/title review had been performed,predictive_scorer.py (equity_signal logic),2026-08-08T12:00:00Z,PENDING_RERUN
kern_28814404009_prop_intel_dossier.md,Kern,"**APN**: 288-144-04-00-9 (mislabeled - this is the ATN, not the assessor parcel number)",**Source Identifier**: 288-144-04-00-9 (ATN) / **Assessor APN**: 288-144-04 (NOT_VERIFIED),DOSSIER_QA finding: ATN mislabeled as APN in 245/245 Kern dossiers - see property_model.py and monitor_runs/dossier_qa_report.md Section 1,kern/kern_enrich_docnum_verified.py; property_model.py:atn_to_assessor_parcel_number,2026-08-08T12:00:00Z,PENDING_RERUN
kern_28814404009_prop_intel_dossier.md,Kern,PRIORITY SIGNAL: GOING TO AUCTION in 37 days (2026-09-14 - 2026-09-16),PUBLIC-RECORD SIGNAL: Tax-default / Power-to-Sell public-record indicator; parcel-specific auction status not verified (county auction window ...,DOSSIER_QA finding: overclaimed parcel-specific auction-list confirmation against an unpublished live list - see monitor_runs/dossier_qa_report.md Section 2,report_builder.py (priority_signal_display logic); signal_priority.py,2026-08-08T12:00:00Z,PENDING_RERUN
kern_28814404009_prop_intel_dossier.md,Kern,Lien Risk Tier: HIGH,Equity / Assessed-Value Indicator: LOW (with disclaimer),Shared remediation: field was a pure equity-ratio proxy labeled as if a lien/title review had been performed,predictive_scorer.py (equity_signal logic),2026-08-08T12:00:00Z,PENDING_RERUN
kern_29115114004_prop_intel_dossier.md,Kern,"**APN**: 291-151-14-00-4 (mislabeled - this is the ATN, not the assessor parcel number)",**Source Identifier**: 291-151-14-00-4 (ATN) / **Assessor APN**: 291-151-14 (NOT_VERIFIED),DOSSIER_QA finding: ATN mislabeled as APN in 245/245 Kern dossiers - see property_model.py and monitor_runs/dossier_qa_report.md Section 1,kern/kern_enrich_docnum_verified.py; property_model.py:atn_to_assessor_parcel_number,2026-08-08T12:00:00Z,PENDING_RERUN
kern_29115114004_prop_intel_dossier.md,Kern,PRIORITY SIGNAL: GOING TO AUCTION in 37 days (2026-09-14 - 2026-09-16),PUBLIC-RECORD SIGNAL: Tax-default / Power-to-Sell public-record indicator; parcel-specific auction status not verified (county auction window ...,DOSSIER_QA finding: overclaimed parcel-specific auction-list confirmation against an unpublished live list - see monitor_runs/dossier_qa_report.md Section 2,report_builder.py (priority_signal_display logic); signal_priority.py,2026-08-08T12:00:00Z,PENDING_RERUN
kern_29115114004_prop_intel_dossier.md,Kern,Lien Risk Tier: HIGH,Equity / Assessed-Value Indicator: LOW (with disclaimer),Shared remediation: field was a pure equity-ratio proxy labeled as if a lien/title review had been performed,predictive_scorer.py (equity_signal logic),2026-08-08T12:00:00Z,PENDING_RERUN
kern_29402102002_prop_intel_dossier.md,Kern,"**APN**: 294-021-02-00-2 (mislabeled - this is the ATN, not the assessor parcel number)",**Source Identifier**: 294-021-02-00-2 (ATN) / **Assessor APN**: 294-021-02 (NOT_VERIFIED),DOSSIER_QA finding: ATN mislabeled as APN in 245/245 Kern dossiers - see property_model.py and monitor_runs/dossier_qa_report.md Section 1,kern/kern_enrich_docnum_verified.py; property_model.py:atn_to_assessor_parcel_number,2026-08-08T12:00:00Z,PENDING_RERUN
kern_29402102002_prop_intel_dossier.md,Kern,PRIORITY SIGNAL: GOING TO AUCTION in 37 days (2026-09-14 - 2026-09-16),PUBLIC-RECORD SIGNAL: Tax-default / Power-to-Sell public-record indicator; parcel-specific auction status not verified (county auction window ...,DOSSIER_QA finding: overclaimed parcel-specific auction-list confirmation against an unpublished live list - see monitor_runs/dossier_qa_report.md Section 2,report_builder.py (priority_signal_display logic); signal_priority.py,2026-08-08T12:00:00Z,PENDING_RERUN
kern_29402102002_prop_intel_dossier.md,Kern,Lien Risk Tier: HIGH,Equity / Assessed-Value Indicator: LOW (with disclaimer),Shared remediation: field was a pure equity-ratio proxy labeled as if a lien/title review had been performed,predictive_scorer.py (equity_signal logic),2026-08-08T12:00:00Z,PENDING_RERUN
kern_29402105001_prop_intel_dossier.md,Kern,"**APN**: 294-021-05-00-1 (mislabeled - this is the ATN, not the assessor parcel number)",**Source Identifier**: 294-021-05-00-1 (ATN) / **Assessor APN**: 294-021-05 (NOT_VERIFIED),DOSSIER_QA finding: ATN mislabeled as APN in 245/245 Kern dossiers - see property_model.py and monitor_runs/dossier_qa_report.md Section 1,kern/kern_enrich_docnum_verified.py; property_model.py:atn_to_assessor_parcel_number,2026-08-08T12:00:00Z,PENDING_RERUN
kern_29402105001_prop_intel_dossier.md,Kern,PRIORITY SIGNAL: GOING TO AUCTION in 37 days (2026-09-14 - 2026-09-16),PUBLIC-RECORD SIGNAL: Tax-default / Power-to-Sell public-record indicator; parcel-specific auction status not verified (county auction window ...,DOSSIER_QA finding: overclaimed parcel-specific auction-list confirmation against an unpublished live list - see monitor_runs/dossier_qa_report.md Section 2,report_builder.py (priority_signal_display logic); signal_priority.py,2026-08-08T12:00:00Z,PENDING_RERUN
kern_29402105001_prop_intel_dossier.md,Kern,Lien Risk Tier: HIGH,Equity / Assessed-Value Indicator: LOW (with disclaimer),Shared remediation: field was a pure equity-ratio proxy labeled as if a lien/title review had been performed,predictive_scorer.py (equity_signal logic),2026-08-08T12:00:00Z,PENDING_RERUN
kern_29412214003_prop_intel_dossier.md,Kern,"**APN**: 294-122-14-00-3 (mislabeled - this is the ATN, not the assessor parcel number)",**Source Identifier**: 294-122-14-00-3 (ATN) / **Assessor APN**: 294-122-14 (NOT_VERIFIED),DOSSIER_QA finding: ATN mislabeled as APN in 245/245 Kern dossiers - see property_model.py and monitor_runs/dossier_qa_report.md Section 1,kern/kern_enrich_docnum_verified.py; property_model.py:atn_to_assessor_parcel_number,2026-08-08T12:00:00Z,PENDING_RERUN
kern_29412214003_prop_intel_dossier.md,Kern,PRIORITY SIGNAL: GOING TO AUCTION in 37 days (2026-09-14 - 2026-09-16),PUBLIC-RECORD SIGNAL: Tax-default / Power-to-Sell public-record indicator; parcel-specific auction status not verified (county auction window ...,DOSSIER_QA finding: overclaimed parcel-specific auction-list confirmation against an unpublished live list - see monitor_runs/dossier_qa_report.md Section 2,report_builder.py (priority_signal_display logic); signal_priority.py,2026-08-08T12:00:00Z,PENDING_RERUN
kern_29412214003_prop_intel_dossier.md,Kern,Lien Risk Tier: HIGH,Equity / Assessed-Value Indicator: LOW (with disclaimer),Shared remediation: field was a pure equity-ratio proxy labeled as if a lien/title review had been performed,predictive_scorer.py (equity_signal logic),2026-08-08T12:00:00Z,PENDING_RERUN
kern_29418105008_prop_intel_dossier.md,Kern,"**APN**: 294-181-05-00-8 (mislabeled - this is the ATN, not the assessor parcel number)",**Source Identifier**: 294-181-05-00-8 (ATN) / **Assessor APN**: 294-181-05 (NOT_VERIFIED),DOSSIER_QA finding: ATN mislabeled as APN in 245/245 Kern dossiers - see property_model.py and monitor_runs/dossier_qa_report.md Section 1,kern/kern_enrich_docnum_verified.py; property_model.py:atn_to_assessor_parcel_number,2026-08-08T12:00:00Z,PENDING_RERUN
kern_29418105008_prop_intel_dossier.md,Kern,PRIORITY SIGNAL: GOING TO AUCTION in 37 days (2026-09-14 - 2026-09-16),PUBLIC-RECORD SIGNAL: Tax-default / Power-to-Sell public-record indicator; parcel-specific auction status not verified (county auction window ...,DOSSIER_QA finding: overclaimed parcel-specific auction-list confirmation against an unpublished live list - see monitor_runs/dossier_qa_report.md Section 2,report_builder.py (priority_signal_display logic); signal_priority.py,2026-08-08T12:00:00Z,PENDING_RERUN
kern_29418105008_prop_intel_dossier.md,Kern,Lien Risk Tier: HIGH,Equity / Assessed-Value Indicator: LOW (with disclaimer),Shared remediation: field was a pure equity-ratio proxy labeled as if a lien/title review had been performed,predictive_scorer.py (equity_signal logic),2026-08-08T12:00:00Z,PENDING_RERUN
kern_29423304003_prop_intel_dossier.md,Kern,"**APN**: 294-233-04-00-3 (mislabeled - this is the ATN, not the assessor parcel number)",**Source Identifier**: 294-233-04-00-3 (ATN) / **Assessor APN**: 294-233-04 (NOT_VERIFIED),DOSSIER_QA finding: ATN mislabeled as APN in 245/245 Kern dossiers - see property_model.py and monitor_runs/dossier_qa_report.md Section 1,kern/kern_enrich_docnum_verified.py; property_model.py:atn_to_assessor_parcel_number,2026-08-08T12:00:00Z,PENDING_RERUN
kern_29423304003_prop_intel_dossier.md,Kern,PRIORITY SIGNAL: GOING TO AUCTION in 37 days (2026-09-14 - 2026-09-16),PUBLIC-RECORD SIGNAL: Tax-default / Power-to-Sell public-record indicator; parcel-specific auction status not verified (county auction window ...,DOSSIER_QA finding: overclaimed parcel-specific auction-list confirmation against an unpublished live list - see monitor_runs/dossier_qa_report.md Section 2,report_builder.py (priority_signal_display logic); signal_priority.py,2026-08-08T12:00:00Z,PENDING_RERUN
kern_29423304003_prop_intel_dossier.md,Kern,Lien Risk Tier: HIGH,Equity / Assessed-Value Indicator: LOW (with disclaimer),Shared remediation: field was a pure equity-ratio proxy labeled as if a lien/title review had been performed,predictive_scorer.py (equity_signal logic),2026-08-08T12:00:00Z,PENDING_RERUN
kern_29429112000_prop_intel_dossier.md,Kern,"**APN**: 294-291-12-00-0 (mislabeled - this is the ATN, not the assessor parcel number)",**Source Identifier**: 294-291-12-00-0 (ATN) / **Assessor APN**: 294-291-12 (NOT_VERIFIED),DOSSIER_QA finding: ATN mislabeled as APN in 245/245 Kern dossiers - see property_model.py and monitor_runs/dossier_qa_report.md Section 1,kern/kern_enrich_docnum_verified.py; property_model.py:atn_to_assessor_parcel_number,2026-08-08T12:00:00Z,PENDING_RERUN
kern_29429112000_prop_intel_dossier.md,Kern,PRIORITY SIGNAL: GOING TO AUCTION in 37 days (2026-09-14 - 2026-09-16),PUBLIC-RECORD SIGNAL: Tax-default / Power-to-Sell public-record indicator; parcel-specific auction status not verified (county auction window ...,DOSSIER_QA finding: overclaimed parcel-specific auction-list confirmation against an unpublished live list - see monitor_runs/dossier_qa_report.md Section 2,report_builder.py (priority_signal_display logic); signal_priority.py,2026-08-08T12:00:00Z,PENDING_RERUN
kern_29429112000_prop_intel_dossier.md,Kern,Lien Risk Tier: HIGH,Equity / Assessed-Value Indicator: LOW (with disclaimer),Shared remediation: field was a pure equity-ratio proxy labeled as if a lien/title review had been performed,predictive_scorer.py (equity_signal logic),2026-08-08T12:00:00Z,PENDING_RERUN
kern_29436002004_prop_intel_dossier.md,Kern,"**APN**: 294-360-02-00-4 (mislabeled - this is the ATN, not the assessor parcel number)",**Source Identifier**: 294-360-02-00-4 (ATN) / **Assessor APN**: 294-360-02 (NOT_VERIFIED),DOSSIER_QA finding: ATN mislabeled as APN in 245/245 Kern dossiers - see property_model.py and monitor_runs/dossier_qa_report.md Section 1,kern/kern_enrich_docnum_verified.py; property_model.py:atn_to_assessor_parcel_number,2026-08-08T12:00:00Z,PENDING_RERUN
kern_29436002004_prop_intel_dossier.md,Kern,PRIORITY SIGNAL: GOING TO AUCTION in 37 days (2026-09-14 - 2026-09-16),PUBLIC-RECORD SIGNAL: Tax-default / Power-to-Sell public-record indicator; parcel-specific auction status not verified (county auction window ...,DOSSIER_QA finding: overclaimed parcel-specific auction-list confirmation against an unpublished live list - see monitor_runs/dossier_qa_report.md Section 2,report_builder.py (priority_signal_display logic); signal_priority.py,2026-08-08T12:00:00Z,PENDING_RERUN
kern_29436002004_prop_intel_dossier.md,Kern,Lien Risk Tier: HIGH,Equity / Assessed-Value Indicator: LOW (with disclaimer),Shared remediation: field was a pure equity-ratio proxy labeled as if a lien/title review had been performed,predictive_scorer.py (equity_signal logic),2026-08-08T12:00:00Z,PENDING_RERUN
kern_29436047005_prop_intel_dossier.md,Kern,"**APN**: 294-360-47-00-5 (mislabeled - this is the ATN, not the assessor parcel number)",**Source Identifier**: 294-360-47-00-5 (ATN) / **Assessor APN**: 294-360-47 (NOT_VERIFIED),DOSSIER_QA finding: ATN mislabeled as APN in 245/245 Kern dossiers - see property_model.py and monitor_runs/dossier_qa_report.md Section 1,kern/kern_enrich_docnum_verified.py; property_model.py:atn_to_assessor_parcel_number,2026-08-08T12:00:00Z,PENDING_RERUN
kern_29436047005_prop_intel_dossier.md,Kern,PRIORITY SIGNAL: GOING TO AUCTION in 37 days (2026-09-14 - 2026-09-16),PUBLIC-RECORD SIGNAL: Tax-default / Power-to-Sell public-record indicator; parcel-specific auction status not verified (county auction window ...,DOSSIER_QA finding: overclaimed parcel-specific auction-list confirmation against an unpublished live list - see monitor_runs/dossier_qa_report.md Section 2,report_builder.py (priority_signal_display logic); signal_priority.py,2026-08-08T12:00:00Z,PENDING_RERUN
kern_29436047005_prop_intel_dossier.md,Kern,Lien Risk Tier: HIGH,Equity / Assessed-Value Indicator: LOW (with disclaimer),Shared remediation: field was a pure equity-ratio proxy labeled as if a lien/title review had been performed,predictive_scorer.py (equity_signal logic),2026-08-08T12:00:00Z,PENDING_RERUN
kern_30207717001_prop_intel_dossier.md,Kern,"**APN**: 302-077-17-00-1 (mislabeled - this is the ATN, not the assessor parcel number)",**Source Identifier**: 302-077-17-00-1 (ATN) / **Assessor APN**: 302-077-17 (NOT_VERIFIED),DOSSIER_QA finding: ATN mislabeled as APN in 245/245 Kern dossiers - see property_model.py and monitor_runs/dossier_qa_report.md Section 1,kern/kern_enrich_docnum_verified.py; property_model.py:atn_to_assessor_parcel_number,2026-08-08T12:00:00Z,PENDING_RERUN
kern_30207717001_prop_intel_dossier.md,Kern,PRIORITY SIGNAL: GOING TO AUCTION in 37 days (2026-09-14 - 2026-09-16),PUBLIC-RECORD SIGNAL: Tax-default / Power-to-Sell public-record indicator; parcel-specific auction status not verified (county auction window ...,DOSSIER_QA finding: overclaimed parcel-specific auction-list confirmation against an unpublished live list - see monitor_runs/dossier_qa_report.md Section 2,report_builder.py (priority_signal_display logic); signal_priority.py,2026-08-08T12:00:00Z,PENDING_RERUN
kern_30207717001_prop_intel_dossier.md,Kern,Lien Risk Tier: LOW,Equity / Assessed-Value Indicator: HIGH (with disclaimer),Shared remediation: field was a pure equity-ratio proxy labeled as if a lien/title review had been performed,predictive_scorer.py (equity_signal logic),2026-08-08T12:00:00Z,PENDING_RERUN
kern_30512213009_prop_intel_dossier.md,Kern,"**APN**: 305-122-13-00-9 (mislabeled - this is the ATN, not the assessor parcel number)",**Source Identifier**: 305-122-13-00-9 (ATN) / **Assessor APN**: 305-122-13 (NOT_VERIFIED),DOSSIER_QA finding: ATN mislabeled as APN in 245/245 Kern dossiers - see property_model.py and monitor_runs/dossier_qa_report.md Section 1,kern/kern_enrich_docnum_verified.py; property_model.py:atn_to_assessor_parcel_number,2026-08-08T12:00:00Z,PENDING_RERUN
kern_30512213009_prop_intel_dossier.md,Kern,PRIORITY SIGNAL: GOING TO AUCTION in 37 days (2026-09-14 - 2026-09-16),PUBLIC-RECORD SIGNAL: Tax-default / Power-to-Sell public-record indicator; parcel-specific auction status not verified (county auction window ...,DOSSIER_QA finding: overclaimed parcel-specific auction-list confirmation against an unpublished live list - see monitor_runs/dossier_qa_report.md Section 2,report_builder.py (priority_signal_display logic); signal_priority.py,2026-08-08T12:00:00Z,PENDING_RERUN
kern_30512213009_prop_intel_dossier.md,Kern,Lien Risk Tier: HIGH,Equity / Assessed-Value Indicator: LOW (with disclaimer),Shared remediation: field was a pure equity-ratio proxy labeled as if a lien/title review had been performed,predictive_scorer.py (equity_signal logic),2026-08-08T12:00:00Z,PENDING_RERUN
kern_30512305003_prop_intel_dossier.md,Kern,"**APN**: 305-123-05-00-3 (mislabeled - this is the ATN, not the assessor parcel number)",**Source Identifier**: 305-123-05-00-3 (ATN) / **Assessor APN**: 305-123-05 (NOT_VERIFIED),DOSSIER_QA finding: ATN mislabeled as APN in 245/245 Kern dossiers - see property_model.py and monitor_runs/dossier_qa_report.md Section 1,kern/kern_enrich_docnum_verified.py; property_model.py:atn_to_assessor_parcel_number,2026-08-08T12:00:00Z,PENDING_RERUN
kern_30512305003_prop_intel_dossier.md,Kern,PRIORITY SIGNAL: GOING TO AUCTION in 37 days (2026-09-14 - 2026-09-16),PUBLIC-RECORD SIGNAL: Tax-default / Power-to-Sell public-record indicator; parcel-specific auction status not verified (county auction window ...,DOSSIER_QA finding: overclaimed parcel-specific auction-list confirmation against an unpublished live list - see monitor_runs/dossier_qa_report.md Section 2,report_builder.py (priority_signal_display logic); signal_priority.py,2026-08-08T12:00:00Z,PENDING_RERUN
kern_30512305003_prop_intel_dossier.md,Kern,Lien Risk Tier: HIGH,Equity / Assessed-Value Indicator: LOW (with disclaimer),Shared remediation: field was a pure equity-ratio proxy labeled as if a lien/title review had been performed,predictive_scorer.py (equity_signal logic),2026-08-08T12:00:00Z,PENDING_RERUN
kern_30615103009_prop_intel_dossier.md,Kern,"**APN**: 306-151-03-00-9 (mislabeled - this is the ATN, not the assessor parcel number)",**Source Identifier**: 306-151-03-00-9 (ATN) / **Assessor APN**: 306-151-03 (NOT_VERIFIED),DOSSIER_QA finding: ATN mislabeled as APN in 245/245 Kern dossiers - see property_model.py and monitor_runs/dossier_qa_report.md Section 1,kern/kern_enrich_docnum_verified.py; property_model.py:atn_to_assessor_parcel_number,2026-08-08T12:00:00Z,PENDING_RERUN
kern_30615103009_prop_intel_dossier.md,Kern,PRIORITY SIGNAL: GOING TO AUCTION in 37 days (2026-09-14 - 2026-09-16),PUBLIC-RECORD SIGNAL: Tax-default / Power-to-Sell public-record indicator; parcel-specific auction status not verified (county auction window ...,DOSSIER_QA finding: overclaimed parcel-specific auction-list confirmation against an unpublished live list - see monitor_runs/dossier_qa_report.md Section 2,report_builder.py (priority_signal_display logic); signal_priority.py,2026-08-08T12:00:00Z,PENDING_RERUN
kern_30615103009_prop_intel_dossier.md,Kern,Lien Risk Tier: HIGH,Equity / Assessed-Value Indicator: LOW (with disclaimer),Shared remediation: field was a pure equity-ratio proxy labeled as if a lien/title review had been performed,predictive_scorer.py (equity_signal logic),2026-08-08T12:00:00Z,PENDING_RERUN
kern_30619104004_prop_intel_dossier.md,Kern,"**APN**: 306-191-04-00-4 (mislabeled - this is the ATN, not the assessor parcel number)",**Source Identifier**: 306-191-04-00-4 (ATN) / **Assessor APN**: 306-191-04 (NOT_VERIFIED),DOSSIER_QA finding: ATN mislabeled as APN in 245/245 Kern dossiers - see property_model.py and monitor_runs/dossier_qa_report.md Section 1,kern/kern_enrich_docnum_verified.py; property_model.py:atn_to_assessor_parcel_number,2026-08-08T12:00:00Z,PENDING_RERUN
kern_30619104004_prop_intel_dossier.md,Kern,PRIORITY SIGNAL: GOING TO AUCTION in 37 days (2026-09-14 - 2026-09-16),PUBLIC-RECORD SIGNAL: Tax-default / Power-to-Sell public-record indicator; parcel-specific auction status not verified (county auction window ...,DOSSIER_QA finding: overclaimed parcel-specific auction-list confirmation against an unpublished live list - see monitor_runs/dossier_qa_report.md Section 2,report_builder.py (priority_signal_display logic); signal_priority.py,2026-08-08T12:00:00Z,PENDING_RERUN
kern_30619104004_prop_intel_dossier.md,Kern,Lien Risk Tier: HIGH,Equity / Assessed-Value Indicator: LOW (with disclaimer),Shared remediation: field was a pure equity-ratio proxy labeled as if a lien/title review had been performed,predictive_scorer.py (equity_signal logic),2026-08-08T12:00:00Z,PENDING_RERUN
kern_30706316002_prop_intel_dossier.md,Kern,"**APN**: 307-063-16-00-2 (mislabeled - this is the ATN, not the assessor parcel number)",**Source Identifier**: 307-063-16-00-2 (ATN) / **Assessor APN**: 307-063-16 (NOT_VERIFIED),DOSSIER_QA finding: ATN mislabeled as APN in 245/245 Kern dossiers - see property_model.py and monitor_runs/dossier_qa_report.md Section 1,kern/kern_enrich_docnum_verified.py; property_model.py:atn_to_assessor_parcel_number,2026-08-08T12:00:00Z,PENDING_RERUN
kern_30706316002_prop_intel_dossier.md,Kern,PRIORITY SIGNAL: GOING TO AUCTION in 37 days (2026-09-14 - 2026-09-16),PUBLIC-RECORD SIGNAL: Tax-default / Power-to-Sell public-record indicator; parcel-specific auction status not verified (county auction window ...,DOSSIER_QA finding: overclaimed parcel-specific auction-list confirmation against an unpublished live list - see monitor_runs/dossier_qa_report.md Section 2,report_builder.py (priority_signal_display logic); signal_priority.py,2026-08-08T12:00:00Z,PENDING_RERUN
kern_30706316002_prop_intel_dossier.md,Kern,Lien Risk Tier: HIGH,Equity / Assessed-Value Indicator: LOW (with disclaimer),Shared remediation: field was a pure equity-ratio proxy labeled as if a lien/title review had been performed,predictive_scorer.py (equity_signal logic),2026-08-08T12:00:00Z,PENDING_RERUN
kern_30711106003_prop_intel_dossier.md,Kern,"**APN**: 307-111-06-00-3 (mislabeled - this is the ATN, not the assessor parcel number)",**Source Identifier**: 307-111-06-00-3 (ATN) / **Assessor APN**: 307-111-06 (NOT_VERIFIED),DOSSIER_QA finding: ATN mislabeled as APN in 245/245 Kern dossiers - see property_model.py and monitor_runs/dossier_qa_report.md Section 1,kern/kern_enrich_docnum_verified.py; property_model.py:atn_to_assessor_parcel_number,2026-08-08T12:00:00Z,PENDING_RERUN
kern_30711106003_prop_intel_dossier.md,Kern,PRIORITY SIGNAL: GOING TO AUCTION in 37 days (2026-09-14 - 2026-09-16),PUBLIC-RECORD SIGNAL: Tax-default / Power-to-Sell public-record indicator; parcel-specific auction status not verified (county auction window ...,DOSSIER_QA finding: overclaimed parcel-specific auction-list confirmation against an unpublished live list - see monitor_runs/dossier_qa_report.md Section 2,report_builder.py (priority_signal_display logic); signal_priority.py,2026-08-08T12:00:00Z,PENDING_RERUN
kern_30711106003_prop_intel_dossier.md,Kern,Lien Risk Tier: HIGH,Equity / Assessed-Value Indicator: LOW (with disclaimer),Shared remediation: field was a pure equity-ratio proxy labeled as if a lien/title review had been performed,predictive_scorer.py (equity_signal logic),2026-08-08T12:00:00Z,PENDING_RERUN
kern_30719209003_prop_intel_dossier.md,Kern,"**APN**: 307-192-09-00-3 (mislabeled - this is the ATN, not the assessor parcel number)",**Source Identifier**: 307-192-09-00-3 (ATN) / **Assessor APN**: 307-192-09 (NOT_VERIFIED),DOSSIER_QA finding: ATN mislabeled as APN in 245/245 Kern dossiers - see property_model.py and monitor_runs/dossier_qa_report.md Section 1,kern/kern_enrich_docnum_verified.py; property_model.py:atn_to_assessor_parcel_number,2026-08-08T12:00:00Z,PENDING_RERUN
kern_30719209003_prop_intel_dossier.md,Kern,PRIORITY SIGNAL: GOING TO AUCTION in 37 days (2026-09-14 - 2026-09-16),PUBLIC-RECORD SIGNAL: Tax-default / Power-to-Sell public-record indicator; parcel-specific auction status not verified (county auction window ...,DOSSIER_QA finding: overclaimed parcel-specific auction-list confirmation against an unpublished live list - see monitor_runs/dossier_qa_report.md Section 2,report_builder.py (priority_signal_display logic); signal_priority.py,2026-08-08T12:00:00Z,PENDING_RERUN
kern_30719209003_prop_intel_dossier.md,Kern,Lien Risk Tier: HIGH,Equity / Assessed-Value Indicator: LOW (with disclaimer),Shared remediation: field was a pure equity-ratio proxy labeled as if a lien/title review had been performed,predictive_scorer.py (equity_signal logic),2026-08-08T12:00:00Z,PENDING_RERUN
kern_30719309000_prop_intel_dossier.md,Kern,"**APN**: 307-193-09-00-0 (mislabeled - this is the ATN, not the assessor parcel number)",**Source Identifier**: 307-193-09-00-0 (ATN) / **Assessor APN**: 307-193-09 (NOT_VERIFIED),DOSSIER_QA finding: ATN mislabeled as APN in 245/245 Kern dossiers - see property_model.py and monitor_runs/dossier_qa_report.md Section 1,kern/kern_enrich_docnum_verified.py; property_model.py:atn_to_assessor_parcel_number,2026-08-08T12:00:00Z,PENDING_RERUN
kern_30719309000_prop_intel_dossier.md,Kern,PRIORITY SIGNAL: GOING TO AUCTION in 37 days (2026-09-14 - 2026-09-16),PUBLIC-RECORD SIGNAL: Tax-default / Power-to-Sell public-record indicator; parcel-specific auction status not verified (county auction window ...,DOSSIER_QA finding: overclaimed parcel-specific auction-list confirmation against an unpublished live list - see monitor_runs/dossier_qa_report.md Section 2,report_builder.py (priority_signal_display logic); signal_priority.py,2026-08-08T12:00:00Z,PENDING_RERUN
kern_30719309000_prop_intel_dossier.md,Kern,Lien Risk Tier: HIGH,Equity / Assessed-Value Indicator: LOW (with disclaimer),Shared remediation: field was a pure equity-ratio proxy labeled as if a lien/title review had been performed,predictive_scorer.py (equity_signal logic),2026-08-08T12:00:00Z,PENDING_RERUN
kern_30719312008_prop_intel_dossier.md,Kern,"**APN**: 307-193-12-00-8 (mislabeled - this is the ATN, not the assessor parcel number)",**Source Identifier**: 307-193-12-00-8 (ATN) / **Assessor APN**: 307-193-12 (NOT_VERIFIED),DOSSIER_QA finding: ATN mislabeled as APN in 245/245 Kern dossiers - see property_model.py and monitor_runs/dossier_qa_report.md Section 1,kern/kern_enrich_docnum_verified.py; property_model.py:atn_to_assessor_parcel_number,2026-08-08T12:00:00Z,PENDING_RERUN
kern_30719312008_prop_intel_dossier.md,Kern,PRIORITY SIGNAL: GOING TO AUCTION in 37 days (2026-09-14 - 2026-09-16),PUBLIC-RECORD SIGNAL: Tax-default / Power-to-Sell public-record indicator; parcel-specific auction status not verified (county auction window ...,DOSSIER_QA finding: overclaimed parcel-specific auction-list confirmation against an unpublished live list - see monitor_runs/dossier_qa_report.md Section 2,report_builder.py (priority_signal_display logic); signal_priority.py,2026-08-08T12:00:00Z,PENDING_RERUN
kern_30719312008_prop_intel_dossier.md,Kern,Lien Risk Tier: HIGH,Equity / Assessed-Value Indicator: LOW (with disclaimer),Shared remediation: field was a pure equity-ratio proxy labeled as if a lien/title review had been performed,predictive_scorer.py (equity_signal logic),2026-08-08T12:00:00Z,PENDING_RERUN
kern_30721127003_prop_intel_dossier.md,Kern,"**APN**: 307-211-27-00-3 (mislabeled - this is the ATN, not the assessor parcel number)",**Source Identifier**: 307-211-27-00-3 (ATN) / **Assessor APN**: 307-211-27 (NOT_VERIFIED),DOSSIER_QA finding: ATN mislabeled as APN in 245/245 Kern dossiers - see property_model.py and monitor_runs/dossier_qa_report.md Section 1,kern/kern_enrich_docnum_verified.py; property_model.py:atn_to_assessor_parcel_number,2026-08-08T12:00:00Z,PENDING_RERUN
kern_30721127003_prop_intel_dossier.md,Kern,PRIORITY SIGNAL: GOING TO AUCTION in 37 days (2026-09-14 - 2026-09-16),PUBLIC-RECORD SIGNAL: Tax-default / Power-to-Sell public-record indicator; parcel-specific auction status not verified (county auction window ...,DOSSIER_QA finding: overclaimed parcel-specific auction-list confirmation against an unpublished live list - see monitor_runs/dossier_qa_report.md Section 2,report_builder.py (priority_signal_display logic); signal_priority.py,2026-08-08T12:00:00Z,PENDING_RERUN
kern_30721127003_prop_intel_dossier.md,Kern,Lien Risk Tier: HIGH,Equity / Assessed-Value Indicator: LOW (with disclaimer),Shared remediation: field was a pure equity-ratio proxy labeled as if a lien/title review had been performed,predictive_scorer.py (equity_signal logic),2026-08-08T12:00:00Z,PENDING_RERUN
kern_31003304002_prop_intel_dossier.md,Kern,"**APN**: 310-033-04-00-2 (mislabeled - this is the ATN, not the assessor parcel number)",**Source Identifier**: 310-033-04-00-2 (ATN) / **Assessor APN**: 310-033-04 (NOT_VERIFIED),DOSSIER_QA finding: ATN mislabeled as APN in 245/245 Kern dossiers - see property_model.py and monitor_runs/dossier_qa_report.md Section 1,kern/kern_enrich_docnum_verified.py; property_model.py:atn_to_assessor_parcel_number,2026-08-08T12:00:00Z,PENDING_RERUN
kern_31003304002_prop_intel_dossier.md,Kern,PRIORITY SIGNAL: GOING TO AUCTION in 37 days (2026-09-14 - 2026-09-16),PUBLIC-RECORD SIGNAL: Tax-default / Power-to-Sell public-record indicator; parcel-specific auction status not verified (county auction window ...,DOSSIER_QA finding: overclaimed parcel-specific auction-list confirmation against an unpublished live list - see monitor_runs/dossier_qa_report.md Section 2,report_builder.py (priority_signal_display logic); signal_priority.py,2026-08-08T12:00:00Z,PENDING_RERUN
kern_31003304002_prop_intel_dossier.md,Kern,Lien Risk Tier: MEDIUM,Equity / Assessed-Value Indicator: MEDIUM (with disclaimer),Shared remediation: field was a pure equity-ratio proxy labeled as if a lien/title review had been performed,predictive_scorer.py (equity_signal logic),2026-08-08T12:00:00Z,PENDING_RERUN
kern_31008106009_prop_intel_dossier.md,Kern,"**APN**: 310-081-06-00-9 (mislabeled - this is the ATN, not the assessor parcel number)",**Source Identifier**: 310-081-06-00-9 (ATN) / **Assessor APN**: 310-081-06 (NOT_VERIFIED),DOSSIER_QA finding: ATN mislabeled as APN in 245/245 Kern dossiers - see property_model.py and monitor_runs/dossier_qa_report.md Section 1,kern/kern_enrich_docnum_verified.py; property_model.py:atn_to_assessor_parcel_number,2026-08-08T12:00:00Z,PENDING_RERUN
kern_31008106009_prop_intel_dossier.md,Kern,PRIORITY SIGNAL: GOING TO AUCTION in 37 days (2026-09-14 - 2026-09-16),PUBLIC-RECORD SIGNAL: Tax-default / Power-to-Sell public-record indicator; parcel-specific auction status not verified (county auction window ...,DOSSIER_QA finding: overclaimed parcel-specific auction-list confirmation against an unpublished live list - see monitor_runs/dossier_qa_report.md Section 2,report_builder.py (priority_signal_display logic); signal_priority.py,2026-08-08T12:00:00Z,PENDING_RERUN
kern_31008106009_prop_intel_dossier.md,Kern,Lien Risk Tier: HIGH,Equity / Assessed-Value Indicator: LOW (with disclaimer),Shared remediation: field was a pure equity-ratio proxy labeled as if a lien/title review had been performed,predictive_scorer.py (equity_signal logic),2026-08-08T12:00:00Z,PENDING_RERUN
kern_31011409007_prop_intel_dossier.md,Kern,"**APN**: 310-114-09-00-7 (mislabeled - this is the ATN, not the assessor parcel number)",**Source Identifier**: 310-114-09-00-7 (ATN) / **Assessor APN**: 310-114-09 (NOT_VERIFIED),DOSSIER_QA finding: ATN mislabeled as APN in 245/245 Kern dossiers - see property_model.py and monitor_runs/dossier_qa_report.md Section 1,kern/kern_enrich_docnum_verified.py; property_model.py:atn_to_assessor_parcel_number,2026-08-08T12:00:00Z,PENDING_RERUN
kern_31011409007_prop_intel_dossier.md,Kern,PRIORITY SIGNAL: GOING TO AUCTION in 37 days (2026-09-14 - 2026-09-16),PUBLIC-RECORD SIGNAL: Tax-default / Power-to-Sell public-record indicator; parcel-specific auction status not verified (county auction window ...,DOSSIER_QA finding: overclaimed parcel-specific auction-list confirmation against an unpublished live list - see monitor_runs/dossier_qa_report.md Section 2,report_builder.py (priority_signal_display logic); signal_priority.py,2026-08-08T12:00:00Z,PENDING_RERUN
kern_31011409007_prop_intel_dossier.md,Kern,Lien Risk Tier: HIGH,Equity / Assessed-Value Indicator: LOW (with disclaimer),Shared remediation: field was a pure equity-ratio proxy labeled as if a lien/title review had been performed,predictive_scorer.py (equity_signal logic),2026-08-08T12:00:00Z,PENDING_RERUN
kern_31013405001_prop_intel_dossier.md,Kern,"**APN**: 310-134-05-00-1 (mislabeled - this is the ATN, not the assessor parcel number)",**Source Identifier**: 310-134-05-00-1 (ATN) / **Assessor APN**: 310-134-05 (NOT_VERIFIED),DOSSIER_QA finding: ATN mislabeled as APN in 245/245 Kern dossiers - see property_model.py and monitor_runs/dossier_qa_report.md Section 1,kern/kern_enrich_docnum_verified.py; property_model.py:atn_to_assessor_parcel_number,2026-08-08T12:00:00Z,PENDING_RERUN
kern_31013405001_prop_intel_dossier.md,Kern,PRIORITY SIGNAL: GOING TO AUCTION in 37 days (2026-09-14 - 2026-09-16),PUBLIC-RECORD SIGNAL: Tax-default / Power-to-Sell public-record indicator; parcel-specific auction status not verified (county auction window ...,DOSSIER_QA finding: overclaimed parcel-specific auction-list confirmation against an unpublished live list - see monitor_runs/dossier_qa_report.md Section 2,report_builder.py (priority_signal_display logic); signal_priority.py,2026-08-08T12:00:00Z,PENDING_RERUN
kern_31013405001_prop_intel_dossier.md,Kern,Lien Risk Tier: HIGH,Equity / Assessed-Value Indicator: LOW (with disclaimer),Shared remediation: field was a pure equity-ratio proxy labeled as if a lien/title review had been performed,predictive_scorer.py (equity_signal logic),2026-08-08T12:00:00Z,PENDING_RERUN
kern_31028113007_prop_intel_dossier.md,Kern,"**APN**: 310-281-13-00-7 (mislabeled - this is the ATN, not the assessor parcel number)",**Source Identifier**: 310-281-13-00-7 (ATN) / **Assessor APN**: 310-281-13 (NOT_VERIFIED),DOSSIER_QA finding: ATN mislabeled as APN in 245/245 Kern dossiers - see property_model.py and monitor_runs/dossier_qa_report.md Section 1,kern/kern_enrich_docnum_verified.py; property_model.py:atn_to_assessor_parcel_number,2026-08-08T12:00:00Z,PENDING_RERUN
kern_31028113007_prop_intel_dossier.md,Kern,PRIORITY SIGNAL: GOING TO AUCTION in 37 days (2026-09-14 - 2026-09-16),PUBLIC-RECORD SIGNAL: Tax-default / Power-to-Sell public-record indicator; parcel-specific auction status not verified (county auction window ...,DOSSIER_QA finding: overclaimed parcel-specific auction-list confirmation against an unpublished live list - see monitor_runs/dossier_qa_report.md Section 2,report_builder.py (priority_signal_display logic); signal_priority.py,2026-08-08T12:00:00Z,PENDING_RERUN
kern_31028113007_prop_intel_dossier.md,Kern,Lien Risk Tier: HIGH,Equity / Assessed-Value Indicator: LOW (with disclaimer),Shared remediation: field was a pure equity-ratio proxy labeled as if a lien/title review had been performed,predictive_scorer.py (equity_signal logic),2026-08-08T12:00:00Z,PENDING_RERUN
kern_32113039002_prop_intel_dossier.md,Kern,"**APN**: 321-130-39-00-2 (mislabeled - this is the ATN, not the assessor parcel number)",**Source Identifier**: 321-130-39-00-2 (ATN) / **Assessor APN**: 321-130-39 (NOT_VERIFIED),DOSSIER_QA finding: ATN mislabeled as APN in 245/245 Kern dossiers - see property_model.py and monitor_runs/dossier_qa_report.md Section 1,kern/kern_enrich_docnum_verified.py; property_model.py:atn_to_assessor_parcel_number,2026-08-08T12:00:00Z,PENDING_RERUN
kern_32113039002_prop_intel_dossier.md,Kern,PRIORITY SIGNAL: GOING TO AUCTION in 37 days (2026-09-14 - 2026-09-16),PUBLIC-RECORD SIGNAL: Tax-default / Power-to-Sell public-record indicator; parcel-specific auction status not verified (county auction window ...,DOSSIER_QA finding: overclaimed parcel-specific auction-list confirmation against an unpublished live list - see monitor_runs/dossier_qa_report.md Section 2,report_builder.py (priority_signal_display logic); signal_priority.py,2026-08-08T12:00:00Z,PENDING_RERUN
kern_32113039002_prop_intel_dossier.md,Kern,Lien Risk Tier: MEDIUM,Equity / Assessed-Value Indicator: MEDIUM (with disclaimer),Shared remediation: field was a pure equity-ratio proxy labeled as if a lien/title review had been performed,predictive_scorer.py (equity_signal logic),2026-08-08T12:00:00Z,PENDING_RERUN
kern_32208408003_prop_intel_dossier.md,Kern,"**APN**: 322-084-08-00-3 (mislabeled - this is the ATN, not the assessor parcel number)",**Source Identifier**: 322-084-08-00-3 (ATN) / **Assessor APN**: 322-084-08 (NOT_VERIFIED),DOSSIER_QA finding: ATN mislabeled as APN in 245/245 Kern dossiers - see property_model.py and monitor_runs/dossier_qa_report.md Section 1,kern/kern_enrich_docnum_verified.py; property_model.py:atn_to_assessor_parcel_number,2026-08-08T12:00:00Z,PENDING_RERUN
kern_32208408003_prop_intel_dossier.md,Kern,PRIORITY SIGNAL: GOING TO AUCTION in 37 days (2026-09-14 - 2026-09-16),PUBLIC-RECORD SIGNAL: Tax-default / Power-to-Sell public-record indicator; parcel-specific auction status not verified (county auction window ...,DOSSIER_QA finding: overclaimed parcel-specific auction-list confirmation against an unpublished live list - see monitor_runs/dossier_qa_report.md Section 2,report_builder.py (priority_signal_display logic); signal_priority.py,2026-08-08T12:00:00Z,PENDING_RERUN
kern_32208408003_prop_intel_dossier.md,Kern,Lien Risk Tier: LOW,Equity / Assessed-Value Indicator: HIGH (with disclaimer),Shared remediation: field was a pure equity-ratio proxy labeled as if a lien/title review had been performed,predictive_scorer.py (equity_signal logic),2026-08-08T12:00:00Z,PENDING_RERUN
kern_32513301000_prop_intel_dossier.md,Kern,"**APN**: 325-133-01-00-0 (mislabeled - this is the ATN, not the assessor parcel number)",**Source Identifier**: 325-133-01-00-0 (ATN) / **Assessor APN**: 325-133-01 (NOT_VERIFIED),DOSSIER_QA finding: ATN mislabeled as APN in 245/245 Kern dossiers - see property_model.py and monitor_runs/dossier_qa_report.md Section 1,kern/kern_enrich_docnum_verified.py; property_model.py:atn_to_assessor_parcel_number,2026-08-08T12:00:00Z,PENDING_RERUN
kern_32513301000_prop_intel_dossier.md,Kern,PRIORITY SIGNAL: GOING TO AUCTION in 37 days (2026-09-14 - 2026-09-16),PUBLIC-RECORD SIGNAL: Tax-default / Power-to-Sell public-record indicator; parcel-specific auction status not verified (county auction window ...,DOSSIER_QA finding: overclaimed parcel-specific auction-list confirmation against an unpublished live list - see monitor_runs/dossier_qa_report.md Section 2,report_builder.py (priority_signal_display logic); signal_priority.py,2026-08-08T12:00:00Z,PENDING_RERUN
kern_32513301000_prop_intel_dossier.md,Kern,Lien Risk Tier: LOW,Equity / Assessed-Value Indicator: HIGH (with disclaimer),Shared remediation: field was a pure equity-ratio proxy labeled as if a lien/title review had been performed,predictive_scorer.py (equity_signal logic),2026-08-08T12:00:00Z,PENDING_RERUN
kern_33215120009_prop_intel_dossier.md,Kern,"**APN**: 332-151-20-00-9 (mislabeled - this is the ATN, not the assessor parcel number)",**Source Identifier**: 332-151-20-00-9 (ATN) / **Assessor APN**: 332-151-20 (NOT_VERIFIED),DOSSIER_QA finding: ATN mislabeled as APN in 245/245 Kern dossiers - see property_model.py and monitor_runs/dossier_qa_report.md Section 1,kern/kern_enrich_docnum_verified.py; property_model.py:atn_to_assessor_parcel_number,2026-08-08T12:00:00Z,PENDING_RERUN
kern_33215120009_prop_intel_dossier.md,Kern,PRIORITY SIGNAL: GOING TO AUCTION in 37 days (2026-09-14 - 2026-09-16),PUBLIC-RECORD SIGNAL: Tax-default / Power-to-Sell public-record indicator; parcel-specific auction status not verified (county auction window ...,DOSSIER_QA finding: overclaimed parcel-specific auction-list confirmation against an unpublished live list - see monitor_runs/dossier_qa_report.md Section 2,report_builder.py (priority_signal_display logic); signal_priority.py,2026-08-08T12:00:00Z,PENDING_RERUN
kern_33215120009_prop_intel_dossier.md,Kern,Lien Risk Tier: LOW,Equity / Assessed-Value Indicator: HIGH (with disclaimer),Shared remediation: field was a pure equity-ratio proxy labeled as if a lien/title review had been performed,predictive_scorer.py (equity_signal logic),2026-08-08T12:00:00Z,PENDING_RERUN
kern_33415208006_prop_intel_dossier.md,Kern,"**APN**: 334-152-08-00-6 (mislabeled - this is the ATN, not the assessor parcel number)",**Source Identifier**: 334-152-08-00-6 (ATN) / **Assessor APN**: 334-152-08 (NOT_VERIFIED),DOSSIER_QA finding: ATN mislabeled as APN in 245/245 Kern dossiers - see property_model.py and monitor_runs/dossier_qa_report.md Section 1,kern/kern_enrich_docnum_verified.py; property_model.py:atn_to_assessor_parcel_number,2026-08-08T12:00:00Z,PENDING_RERUN
kern_33415208006_prop_intel_dossier.md,Kern,PRIORITY SIGNAL: GOING TO AUCTION in 37 days (2026-09-14 - 2026-09-16),PUBLIC-RECORD SIGNAL: Tax-default / Power-to-Sell public-record indicator; parcel-specific auction status not verified (county auction window ...,DOSSIER_QA finding: overclaimed parcel-specific auction-list confirmation against an unpublished live list - see monitor_runs/dossier_qa_report.md Section 2,report_builder.py (priority_signal_display logic); signal_priority.py,2026-08-08T12:00:00Z,PENDING_RERUN
kern_33415208006_prop_intel_dossier.md,Kern,Lien Risk Tier: LOW,Equity / Assessed-Value Indicator: HIGH (with disclaimer),Shared remediation: field was a pure equity-ratio proxy labeled as if a lien/title review had been performed,predictive_scorer.py (equity_signal logic),2026-08-08T12:00:00Z,PENDING_RERUN
kern_34108324001_prop_intel_dossier.md,Kern,"**APN**: 341-083-24-00-1 (mislabeled - this is the ATN, not the assessor parcel number)",**Source Identifier**: 341-083-24-00-1 (ATN) / **Assessor APN**: 341-083-24 (NOT_VERIFIED),DOSSIER_QA finding: ATN mislabeled as APN in 245/245 Kern dossiers - see property_model.py and monitor_runs/dossier_qa_report.md Section 1,kern/kern_enrich_docnum_verified.py; property_model.py:atn_to_assessor_parcel_number,2026-08-08T12:00:00Z,PENDING_RERUN
kern_34108324001_prop_intel_dossier.md,Kern,PRIORITY SIGNAL: GOING TO AUCTION in 37 days (2026-09-14 - 2026-09-16),PUBLIC-RECORD SIGNAL: Tax-default / Power-to-Sell public-record indicator; parcel-specific auction status not verified (county auction window ...,DOSSIER_QA finding: overclaimed parcel-specific auction-list confirmation against an unpublished live list - see monitor_runs/dossier_qa_report.md Section 2,report_builder.py (priority_signal_display logic); signal_priority.py,2026-08-08T12:00:00Z,PENDING_RERUN
kern_34108324001_prop_intel_dossier.md,Kern,Lien Risk Tier: LOW,Equity / Assessed-Value Indicator: HIGH (with disclaimer),Shared remediation: field was a pure equity-ratio proxy labeled as if a lien/title review had been performed,predictive_scorer.py (equity_signal logic),2026-08-08T12:00:00Z,PENDING_RERUN
kern_34115406006_prop_intel_dossier.md,Kern,"**APN**: 341-154-06-00-6 (mislabeled - this is the ATN, not the assessor parcel number)",**Source Identifier**: 341-154-06-00-6 (ATN) / **Assessor APN**: 341-154-06 (NOT_VERIFIED),DOSSIER_QA finding: ATN mislabeled as APN in 245/245 Kern dossiers - see property_model.py and monitor_runs/dossier_qa_report.md Section 1,kern/kern_enrich_docnum_verified.py; property_model.py:atn_to_assessor_parcel_number,2026-08-08T12:00:00Z,PENDING_RERUN
kern_34115406006_prop_intel_dossier.md,Kern,PRIORITY SIGNAL: GOING TO AUCTION in 37 days (2026-09-14 - 2026-09-16),PUBLIC-RECORD SIGNAL: Tax-default / Power-to-Sell public-record indicator; parcel-specific auction status not verified (county auction window ...,DOSSIER_QA finding: overclaimed parcel-specific auction-list confirmation against an unpublished live list - see monitor_runs/dossier_qa_report.md Section 2,report_builder.py (priority_signal_display logic); signal_priority.py,2026-08-08T12:00:00Z,PENDING_RERUN
kern_34115406006_prop_intel_dossier.md,Kern,Lien Risk Tier: LOW,Equity / Assessed-Value Indicator: HIGH (with disclaimer),Shared remediation: field was a pure equity-ratio proxy labeled as if a lien/title review had been performed,predictive_scorer.py (equity_signal logic),2026-08-08T12:00:00Z,PENDING_RERUN
kern_34131029001_prop_intel_dossier.md,Kern,"**APN**: 341-310-29-00-1 (mislabeled - this is the ATN, not the assessor parcel number)",**Source Identifier**: 341-310-29-00-1 (ATN) / **Assessor APN**: 341-310-29 (NOT_VERIFIED),DOSSIER_QA finding: ATN mislabeled as APN in 245/245 Kern dossiers - see property_model.py and monitor_runs/dossier_qa_report.md Section 1,kern/kern_enrich_docnum_verified.py; property_model.py:atn_to_assessor_parcel_number,2026-08-08T12:00:00Z,PENDING_RERUN
kern_34131029001_prop_intel_dossier.md,Kern,PRIORITY SIGNAL: GOING TO AUCTION in 37 days (2026-09-14 - 2026-09-16),PUBLIC-RECORD SIGNAL: Tax-default / Power-to-Sell public-record indicator; parcel-specific auction status not verified (county auction window ...,DOSSIER_QA finding: overclaimed parcel-specific auction-list confirmation against an unpublished live list - see monitor_runs/dossier_qa_report.md Section 2,report_builder.py (priority_signal_display logic); signal_priority.py,2026-08-08T12:00:00Z,PENDING_RERUN
kern_34131029001_prop_intel_dossier.md,Kern,Lien Risk Tier: LOW,Equity / Assessed-Value Indicator: HIGH (with disclaimer),Shared remediation: field was a pure equity-ratio proxy labeled as if a lien/title review had been performed,predictive_scorer.py (equity_signal logic),2026-08-08T12:00:00Z,PENDING_RERUN
kern_34616216009_prop_intel_dossier.md,Kern,"**APN**: 346-162-16-00-9 (mislabeled - this is the ATN, not the assessor parcel number)",**Source Identifier**: 346-162-16-00-9 (ATN) / **Assessor APN**: 346-162-16 (NOT_VERIFIED),DOSSIER_QA finding: ATN mislabeled as APN in 245/245 Kern dossiers - see property_model.py and monitor_runs/dossier_qa_report.md Section 1,kern/kern_enrich_docnum_verified.py; property_model.py:atn_to_assessor_parcel_number,2026-08-08T12:00:00Z,PENDING_RERUN
kern_34616216009_prop_intel_dossier.md,Kern,PRIORITY SIGNAL: GOING TO AUCTION in 37 days (2026-09-14 - 2026-09-16),PUBLIC-RECORD SIGNAL: Tax-default / Power-to-Sell public-record indicator; parcel-specific auction status not verified (county auction window ...,DOSSIER_QA finding: overclaimed parcel-specific auction-list confirmation against an unpublished live list - see monitor_runs/dossier_qa_report.md Section 2,report_builder.py (priority_signal_display logic); signal_priority.py,2026-08-08T12:00:00Z,PENDING_RERUN
kern_34616216009_prop_intel_dossier.md,Kern,Lien Risk Tier: LOW,Equity / Assessed-Value Indicator: HIGH (with disclaimer),Shared remediation: field was a pure equity-ratio proxy labeled as if a lien/title review had been performed,predictive_scorer.py (equity_signal logic),2026-08-08T12:00:00Z,PENDING_RERUN
kern_34624037009_prop_intel_dossier.md,Kern,"**APN**: 346-240-37-00-9 (mislabeled - this is the ATN, not the assessor parcel number)",**Source Identifier**: 346-240-37-00-9 (ATN) / **Assessor APN**: 346-240-37 (NOT_VERIFIED),DOSSIER_QA finding: ATN mislabeled as APN in 245/245 Kern dossiers - see property_model.py and monitor_runs/dossier_qa_report.md Section 1,kern/kern_enrich_docnum_verified.py; property_model.py:atn_to_assessor_parcel_number,2026-08-08T12:00:00Z,PENDING_RERUN
kern_34624037009_prop_intel_dossier.md,Kern,PRIORITY SIGNAL: GOING TO AUCTION in 37 days (2026-09-14 - 2026-09-16),PUBLIC-RECORD SIGNAL: Tax-default / Power-to-Sell public-record indicator; parcel-specific auction status not verified (county auction window ...,DOSSIER_QA finding: overclaimed parcel-specific auction-list confirmation against an unpublished live list - see monitor_runs/dossier_qa_report.md Section 2,report_builder.py (priority_signal_display logic); signal_priority.py,2026-08-08T12:00:00Z,PENDING_RERUN
kern_34624037009_prop_intel_dossier.md,Kern,Lien Risk Tier: LOW,Equity / Assessed-Value Indicator: HIGH (with disclaimer),Shared remediation: field was a pure equity-ratio proxy labeled as if a lien/title review had been performed,predictive_scorer.py (equity_signal logic),2026-08-08T12:00:00Z,PENDING_RERUN
kern_35015121004_prop_intel_dossier.md,Kern,"**APN**: 350-151-21-00-4 (mislabeled - this is the ATN, not the assessor parcel number)",**Source Identifier**: 350-151-21-00-4 (ATN) / **Assessor APN**: 350-151-21 (NOT_VERIFIED),DOSSIER_QA finding: ATN mislabeled as APN in 245/245 Kern dossiers - see property_model.py and monitor_runs/dossier_qa_report.md Section 1,kern/kern_enrich_docnum_verified.py; property_model.py:atn_to_assessor_parcel_number,2026-08-08T12:00:00Z,PENDING_RERUN
kern_35015121004_prop_intel_dossier.md,Kern,PRIORITY SIGNAL: GOING TO AUCTION in 37 days (2026-09-14 - 2026-09-16),PUBLIC-RECORD SIGNAL: Tax-default / Power-to-Sell public-record indicator; parcel-specific auction status not verified (county auction window ...,DOSSIER_QA finding: overclaimed parcel-specific auction-list confirmation against an unpublished live list - see monitor_runs/dossier_qa_report.md Section 2,report_builder.py (priority_signal_display logic); signal_priority.py,2026-08-08T12:00:00Z,PENDING_RERUN
kern_35015121004_prop_intel_dossier.md,Kern,Lien Risk Tier: HIGH,Equity / Assessed-Value Indicator: LOW (with disclaimer),Shared remediation: field was a pure equity-ratio proxy labeled as if a lien/title review had been performed,predictive_scorer.py (equity_signal logic),2026-08-08T12:00:00Z,PENDING_RERUN
kern_35812115004_prop_intel_dossier.md,Kern,"**APN**: 358-121-15-00-4 (mislabeled - this is the ATN, not the assessor parcel number)",**Source Identifier**: 358-121-15-00-4 (ATN) / **Assessor APN**: 358-121-15 (NOT_VERIFIED),DOSSIER_QA finding: ATN mislabeled as APN in 245/245 Kern dossiers - see property_model.py and monitor_runs/dossier_qa_report.md Section 1,kern/kern_enrich_docnum_verified.py; property_model.py:atn_to_assessor_parcel_number,2026-08-08T12:00:00Z,PENDING_RERUN
kern_35812115004_prop_intel_dossier.md,Kern,PRIORITY SIGNAL: GOING TO AUCTION in 37 days (2026-09-14 - 2026-09-16),PUBLIC-RECORD SIGNAL: Tax-default / Power-to-Sell public-record indicator; parcel-specific auction status not verified (county auction window ...,DOSSIER_QA finding: overclaimed parcel-specific auction-list confirmation against an unpublished live list - see monitor_runs/dossier_qa_report.md Section 2,report_builder.py (priority_signal_display logic); signal_priority.py,2026-08-08T12:00:00Z,PENDING_RERUN
kern_35812115004_prop_intel_dossier.md,Kern,Lien Risk Tier: LOW,Equity / Assessed-Value Indicator: HIGH (with disclaimer),Shared remediation: field was a pure equity-ratio proxy labeled as if a lien/title review had been performed,predictive_scorer.py (equity_signal logic),2026-08-08T12:00:00Z,PENDING_RERUN
kern_35932315003_prop_intel_dossier.md,Kern,"**APN**: 359-323-15-00-3 (mislabeled - this is the ATN, not the assessor parcel number)",**Source Identifier**: 359-323-15-00-3 (ATN) / **Assessor APN**: 359-323-15 (NOT_VERIFIED),DOSSIER_QA finding: ATN mislabeled as APN in 245/245 Kern dossiers - see property_model.py and monitor_runs/dossier_qa_report.md Section 1,kern/kern_enrich_docnum_verified.py; property_model.py:atn_to_assessor_parcel_number,2026-08-08T12:00:00Z,PENDING_RERUN
kern_35932315003_prop_intel_dossier.md,Kern,PRIORITY SIGNAL: GOING TO AUCTION in 37 days (2026-09-14 - 2026-09-16),PUBLIC-RECORD SIGNAL: Tax-default / Power-to-Sell public-record indicator; parcel-specific auction status not verified (county auction window ...,DOSSIER_QA finding: overclaimed parcel-specific auction-list confirmation against an unpublished live list - see monitor_runs/dossier_qa_report.md Section 2,report_builder.py (priority_signal_display logic); signal_priority.py,2026-08-08T12:00:00Z,PENDING_RERUN
kern_35932315003_prop_intel_dossier.md,Kern,Lien Risk Tier: LOW,Equity / Assessed-Value Indicator: HIGH (with disclaimer),Shared remediation: field was a pure equity-ratio proxy labeled as if a lien/title review had been performed,predictive_scorer.py (equity_signal logic),2026-08-08T12:00:00Z,PENDING_RERUN
kern_35932331009_prop_intel_dossier.md,Kern,"**APN**: 359-323-31-00-9 (mislabeled - this is the ATN, not the assessor parcel number)",**Source Identifier**: 359-323-31-00-9 (ATN) / **Assessor APN**: 359-323-31 (NOT_VERIFIED),DOSSIER_QA finding: ATN mislabeled as APN in 245/245 Kern dossiers - see property_model.py and monitor_runs/dossier_qa_report.md Section 1,kern/kern_enrich_docnum_verified.py; property_model.py:atn_to_assessor_parcel_number,2026-08-08T12:00:00Z,PENDING_RERUN
kern_35932331009_prop_intel_dossier.md,Kern,PRIORITY SIGNAL: GOING TO AUCTION in 37 days (2026-09-14 - 2026-09-16),PUBLIC-RECORD SIGNAL: Tax-default / Power-to-Sell public-record indicator; parcel-specific auction status not verified (county auction window ...,DOSSIER_QA finding: overclaimed parcel-specific auction-list confirmation against an unpublished live list - see monitor_runs/dossier_qa_report.md Section 2,report_builder.py (priority_signal_display logic); signal_priority.py,2026-08-08T12:00:00Z,PENDING_RERUN
kern_35932331009_prop_intel_dossier.md,Kern,Lien Risk Tier: LOW,Equity / Assessed-Value Indicator: HIGH (with disclaimer),Shared remediation: field was a pure equity-ratio proxy labeled as if a lien/title review had been performed,predictive_scorer.py (equity_signal logic),2026-08-08T12:00:00Z,PENDING_RERUN
kern_37404135007_prop_intel_dossier.md,Kern,"**APN**: 374-041-35-00-7 (mislabeled - this is the ATN, not the assessor parcel number)",**Source Identifier**: 374-041-35-00-7 (ATN) / **Assessor APN**: 374-041-35 (NOT_VERIFIED),DOSSIER_QA finding: ATN mislabeled as APN in 245/245 Kern dossiers - see property_model.py and monitor_runs/dossier_qa_report.md Section 1,kern/kern_enrich_docnum_verified.py; property_model.py:atn_to_assessor_parcel_number,2026-08-08T12:00:00Z,PENDING_RERUN
kern_37404135007_prop_intel_dossier.md,Kern,PRIORITY SIGNAL: GOING TO AUCTION in 37 days (2026-09-14 - 2026-09-16),PUBLIC-RECORD SIGNAL: Tax-default / Power-to-Sell public-record indicator; parcel-specific auction status not verified (county auction window ...,DOSSIER_QA finding: overclaimed parcel-specific auction-list confirmation against an unpublished live list - see monitor_runs/dossier_qa_report.md Section 2,report_builder.py (priority_signal_display logic); signal_priority.py,2026-08-08T12:00:00Z,PENDING_RERUN
kern_37404135007_prop_intel_dossier.md,Kern,Lien Risk Tier: LOW,Equity / Assessed-Value Indicator: HIGH (with disclaimer),Shared remediation: field was a pure equity-ratio proxy labeled as if a lien/title review had been performed,predictive_scorer.py (equity_signal logic),2026-08-08T12:00:00Z,PENDING_RERUN
kern_37404233008_prop_intel_dossier.md,Kern,"**APN**: 374-042-33-00-8 (mislabeled - this is the ATN, not the assessor parcel number)",**Source Identifier**: 374-042-33-00-8 (ATN) / **Assessor APN**: 374-042-33 (NOT_VERIFIED),DOSSIER_QA finding: ATN mislabeled as APN in 245/245 Kern dossiers - see property_model.py and monitor_runs/dossier_qa_report.md Section 1,kern/kern_enrich_docnum_verified.py; property_model.py:atn_to_assessor_parcel_number,2026-08-08T12:00:00Z,PENDING_RERUN
kern_37404233008_prop_intel_dossier.md,Kern,PRIORITY SIGNAL: GOING TO AUCTION in 37 days (2026-09-14 - 2026-09-16),PUBLIC-RECORD SIGNAL: Tax-default / Power-to-Sell public-record indicator; parcel-specific auction status not verified (county auction window ...,DOSSIER_QA finding: overclaimed parcel-specific auction-list confirmation against an unpublished live list - see monitor_runs/dossier_qa_report.md Section 2,report_builder.py (priority_signal_display logic); signal_priority.py,2026-08-08T12:00:00Z,PENDING_RERUN
kern_37404233008_prop_intel_dossier.md,Kern,Lien Risk Tier: LOW,Equity / Assessed-Value Indicator: HIGH (with disclaimer),Shared remediation: field was a pure equity-ratio proxy labeled as if a lien/title review had been performed,predictive_scorer.py (equity_signal logic),2026-08-08T12:00:00Z,PENDING_RERUN
kern_37415003009_prop_intel_dossier.md,Kern,"**APN**: 374-150-03-00-9 (mislabeled - this is the ATN, not the assessor parcel number)",**Source Identifier**: 374-150-03-00-9 (ATN) / **Assessor APN**: 374-150-03 (NOT_VERIFIED),DOSSIER_QA finding: ATN mislabeled as APN in 245/245 Kern dossiers - see property_model.py and monitor_runs/dossier_qa_report.md Section 1,kern/kern_enrich_docnum_verified.py; property_model.py:atn_to_assessor_parcel_number,2026-08-08T12:00:00Z,PENDING_RERUN
kern_37415003009_prop_intel_dossier.md,Kern,PRIORITY SIGNAL: GOING TO AUCTION in 37 days (2026-09-14 - 2026-09-16),PUBLIC-RECORD SIGNAL: Tax-default / Power-to-Sell public-record indicator; parcel-specific auction status not verified (county auction window ...,DOSSIER_QA finding: overclaimed parcel-specific auction-list confirmation against an unpublished live list - see monitor_runs/dossier_qa_report.md Section 2,report_builder.py (priority_signal_display logic); signal_priority.py,2026-08-08T12:00:00Z,PENDING_RERUN
kern_37415003009_prop_intel_dossier.md,Kern,Lien Risk Tier: LOW,Equity / Assessed-Value Indicator: HIGH (with disclaimer),Shared remediation: field was a pure equity-ratio proxy labeled as if a lien/title review had been performed,predictive_scorer.py (equity_signal logic),2026-08-08T12:00:00Z,PENDING_RERUN
kern_37417114004_prop_intel_dossier.md,Kern,"**APN**: 374-171-14-00-4 (mislabeled - this is the ATN, not the assessor parcel number)",**Source Identifier**: 374-171-14-00-4 (ATN) / **Assessor APN**: 374-171-14 (NOT_VERIFIED),DOSSIER_QA finding: ATN mislabeled as APN in 245/245 Kern dossiers - see property_model.py and monitor_runs/dossier_qa_report.md Section 1,kern/kern_enrich_docnum_verified.py; property_model.py:atn_to_assessor_parcel_number,2026-08-08T12:00:00Z,PENDING_RERUN
kern_37417114004_prop_intel_dossier.md,Kern,PRIORITY SIGNAL: GOING TO AUCTION in 37 days (2026-09-14 - 2026-09-16),PUBLIC-RECORD SIGNAL: Tax-default / Power-to-Sell public-record indicator; parcel-specific auction status not verified (county auction window ...,DOSSIER_QA finding: overclaimed parcel-specific auction-list confirmation against an unpublished live list - see monitor_runs/dossier_qa_report.md Section 2,report_builder.py (priority_signal_display logic); signal_priority.py,2026-08-08T12:00:00Z,PENDING_RERUN
kern_37417114004_prop_intel_dossier.md,Kern,Lien Risk Tier: HIGH,Equity / Assessed-Value Indicator: LOW (with disclaimer),Shared remediation: field was a pure equity-ratio proxy labeled as if a lien/title review had been performed,predictive_scorer.py (equity_signal logic),2026-08-08T12:00:00Z,PENDING_RERUN
kern_37510207007_prop_intel_dossier.md,Kern,"**APN**: 375-102-07-00-7 (mislabeled - this is the ATN, not the assessor parcel number)",**Source Identifier**: 375-102-07-00-7 (ATN) / **Assessor APN**: 375-102-07 (NOT_VERIFIED),DOSSIER_QA finding: ATN mislabeled as APN in 245/245 Kern dossiers - see property_model.py and monitor_runs/dossier_qa_report.md Section 1,kern/kern_enrich_docnum_verified.py; property_model.py:atn_to_assessor_parcel_number,2026-08-08T12:00:00Z,PENDING_RERUN
kern_37510207007_prop_intel_dossier.md,Kern,PRIORITY SIGNAL: GOING TO AUCTION in 37 days (2026-09-14 - 2026-09-16),PUBLIC-RECORD SIGNAL: Tax-default / Power-to-Sell public-record indicator; parcel-specific auction status not verified (county auction window ...,DOSSIER_QA finding: overclaimed parcel-specific auction-list confirmation against an unpublished live list - see monitor_runs/dossier_qa_report.md Section 2,report_builder.py (priority_signal_display logic); signal_priority.py,2026-08-08T12:00:00Z,PENDING_RERUN
kern_37510207007_prop_intel_dossier.md,Kern,Lien Risk Tier: MEDIUM,Equity / Assessed-Value Indicator: MEDIUM (with disclaimer),Shared remediation: field was a pure equity-ratio proxy labeled as if a lien/title review had been performed,predictive_scorer.py (equity_signal logic),2026-08-08T12:00:00Z,PENDING_RERUN
kern_42518205009_prop_intel_dossier.md,Kern,"**APN**: 425-182-05-00-9 (mislabeled - this is the ATN, not the assessor parcel number)",**Source Identifier**: 425-182-05-00-9 (ATN) / **Assessor APN**: 425-182-05 (NOT_VERIFIED),DOSSIER_QA finding: ATN mislabeled as APN in 245/245 Kern dossiers - see property_model.py and monitor_runs/dossier_qa_report.md Section 1,kern/kern_enrich_docnum_verified.py; property_model.py:atn_to_assessor_parcel_number,2026-08-08T12:00:00Z,PENDING_RERUN
kern_42518205009_prop_intel_dossier.md,Kern,PRIORITY SIGNAL: GOING TO AUCTION in 37 days (2026-09-14 - 2026-09-16),PUBLIC-RECORD SIGNAL: Tax-default / Power-to-Sell public-record indicator; parcel-specific auction status not verified (county auction window ...,DOSSIER_QA finding: overclaimed parcel-specific auction-list confirmation against an unpublished live list - see monitor_runs/dossier_qa_report.md Section 2,report_builder.py (priority_signal_display logic); signal_priority.py,2026-08-08T12:00:00Z,PENDING_RERUN
kern_42518205009_prop_intel_dossier.md,Kern,Lien Risk Tier: LOW,Equity / Assessed-Value Indicator: HIGH (with disclaimer),Shared remediation: field was a pure equity-ratio proxy labeled as if a lien/title review had been performed,predictive_scorer.py (equity_signal logic),2026-08-08T12:00:00Z,PENDING_RERUN
kern_42710001003_prop_intel_dossier.md,Kern,"**APN**: 427-100-01-00-3 (mislabeled - this is the ATN, not the assessor parcel number)",**Source Identifier**: 427-100-01-00-3 (ATN) / **Assessor APN**: 427-100-01 (NOT_VERIFIED),DOSSIER_QA finding: ATN mislabeled as APN in 245/245 Kern dossiers - see property_model.py and monitor_runs/dossier_qa_report.md Section 1,kern/kern_enrich_docnum_verified.py; property_model.py:atn_to_assessor_parcel_number,2026-08-08T12:00:00Z,PENDING_RERUN
kern_42710001003_prop_intel_dossier.md,Kern,PRIORITY SIGNAL: GOING TO AUCTION in 37 days (2026-09-14 - 2026-09-16),PUBLIC-RECORD SIGNAL: Tax-default / Power-to-Sell public-record indicator; parcel-specific auction status not verified (county auction window ...,DOSSIER_QA finding: overclaimed parcel-specific auction-list confirmation against an unpublished live list - see monitor_runs/dossier_qa_report.md Section 2,report_builder.py (priority_signal_display logic); signal_priority.py,2026-08-08T12:00:00Z,PENDING_RERUN
kern_42710001003_prop_intel_dossier.md,Kern,Lien Risk Tier: LOW,Equity / Assessed-Value Indicator: HIGH (with disclaimer),Shared remediation: field was a pure equity-ratio proxy labeled as if a lien/title review had been performed,predictive_scorer.py (equity_signal logic),2026-08-08T12:00:00Z,PENDING_RERUN
kern_42821161003_prop_intel_dossier.md,Kern,"**APN**: 428-211-61-00-3 (mislabeled - this is the ATN, not the assessor parcel number)",**Source Identifier**: 428-211-61-00-3 (ATN) / **Assessor APN**: 428-211-61 (NOT_VERIFIED),DOSSIER_QA finding: ATN mislabeled as APN in 245/245 Kern dossiers - see property_model.py and monitor_runs/dossier_qa_report.md Section 1,kern/kern_enrich_docnum_verified.py; property_model.py:atn_to_assessor_parcel_number,2026-08-08T12:00:00Z,PENDING_RERUN
kern_42821161003_prop_intel_dossier.md,Kern,PRIORITY SIGNAL: GOING TO AUCTION in 37 days (2026-09-14 - 2026-09-16),PUBLIC-RECORD SIGNAL: Tax-default / Power-to-Sell public-record indicator; parcel-specific auction status not verified (county auction window ...,DOSSIER_QA finding: overclaimed parcel-specific auction-list confirmation against an unpublished live list - see monitor_runs/dossier_qa_report.md Section 2,report_builder.py (priority_signal_display logic); signal_priority.py,2026-08-08T12:00:00Z,PENDING_RERUN
kern_42821161003_prop_intel_dossier.md,Kern,Lien Risk Tier: LOW,Equity / Assessed-Value Indicator: HIGH (with disclaimer),Shared remediation: field was a pure equity-ratio proxy labeled as if a lien/title review had been performed,predictive_scorer.py (equity_signal logic),2026-08-08T12:00:00Z,PENDING_RERUN
kern_43026019007_prop_intel_dossier.md,Kern,"**APN**: 430-260-19-00-7 (mislabeled - this is the ATN, not the assessor parcel number)",**Source Identifier**: 430-260-19-00-7 (ATN) / **Assessor APN**: 430-260-19 (NOT_VERIFIED),DOSSIER_QA finding: ATN mislabeled as APN in 245/245 Kern dossiers - see property_model.py and monitor_runs/dossier_qa_report.md Section 1,kern/kern_enrich_docnum_verified.py; property_model.py:atn_to_assessor_parcel_number,2026-08-08T12:00:00Z,PENDING_RERUN
kern_43026019007_prop_intel_dossier.md,Kern,PRIORITY SIGNAL: GOING TO AUCTION in 37 days (2026-09-14 - 2026-09-16),PUBLIC-RECORD SIGNAL: Tax-default / Power-to-Sell public-record indicator; parcel-specific auction status not verified (county auction window ...,DOSSIER_QA finding: overclaimed parcel-specific auction-list confirmation against an unpublished live list - see monitor_runs/dossier_qa_report.md Section 2,report_builder.py (priority_signal_display logic); signal_priority.py,2026-08-08T12:00:00Z,PENDING_RERUN
kern_43026019007_prop_intel_dossier.md,Kern,Lien Risk Tier: MEDIUM,Equity / Assessed-Value Indicator: MEDIUM (with disclaimer),Shared remediation: field was a pure equity-ratio proxy labeled as if a lien/title review had been performed,predictive_scorer.py (equity_signal logic),2026-08-08T12:00:00Z,PENDING_RERUN
kern_46909116008_prop_intel_dossier.md,Kern,"**APN**: 469-091-16-00-8 (mislabeled - this is the ATN, not the assessor parcel number)",**Source Identifier**: 469-091-16-00-8 (ATN) / **Assessor APN**: 469-091-16 (NOT_VERIFIED),DOSSIER_QA finding: ATN mislabeled as APN in 245/245 Kern dossiers - see property_model.py and monitor_runs/dossier_qa_report.md Section 1,kern/kern_enrich_docnum_verified.py; property_model.py:atn_to_assessor_parcel_number,2026-08-08T12:00:00Z,PENDING_RERUN
kern_46909116008_prop_intel_dossier.md,Kern,PRIORITY SIGNAL: GOING TO AUCTION in 37 days (2026-09-14 - 2026-09-16),PUBLIC-RECORD SIGNAL: Tax-default / Power-to-Sell public-record indicator; parcel-specific auction status not verified (county auction window ...,DOSSIER_QA finding: overclaimed parcel-specific auction-list confirmation against an unpublished live list - see monitor_runs/dossier_qa_report.md Section 2,report_builder.py (priority_signal_display logic); signal_priority.py,2026-08-08T12:00:00Z,PENDING_RERUN
kern_46909116008_prop_intel_dossier.md,Kern,Lien Risk Tier: LOW,Equity / Assessed-Value Indicator: HIGH (with disclaimer),Shared remediation: field was a pure equity-ratio proxy labeled as if a lien/title review had been performed,predictive_scorer.py (equity_signal logic),2026-08-08T12:00:00Z,PENDING_RERUN
kern_46909117001_prop_intel_dossier.md,Kern,"**APN**: 469-091-17-00-1 (mislabeled - this is the ATN, not the assessor parcel number)",**Source Identifier**: 469-091-17-00-1 (ATN) / **Assessor APN**: 469-091-17 (NOT_VERIFIED),DOSSIER_QA finding: ATN mislabeled as APN in 245/245 Kern dossiers - see property_model.py and monitor_runs/dossier_qa_report.md Section 1,kern/kern_enrich_docnum_verified.py; property_model.py:atn_to_assessor_parcel_number,2026-08-08T12:00:00Z,PENDING_RERUN
kern_46909117001_prop_intel_dossier.md,Kern,PRIORITY SIGNAL: GOING TO AUCTION in 37 days (2026-09-14 - 2026-09-16),PUBLIC-RECORD SIGNAL: Tax-default / Power-to-Sell public-record indicator; parcel-specific auction status not verified (county auction window ...,DOSSIER_QA finding: overclaimed parcel-specific auction-list confirmation against an unpublished live list - see monitor_runs/dossier_qa_report.md Section 2,report_builder.py (priority_signal_display logic); signal_priority.py,2026-08-08T12:00:00Z,PENDING_RERUN
kern_46909117001_prop_intel_dossier.md,Kern,Lien Risk Tier: LOW,Equity / Assessed-Value Indicator: HIGH (with disclaimer),Shared remediation: field was a pure equity-ratio proxy labeled as if a lien/title review had been performed,predictive_scorer.py (equity_signal logic),2026-08-08T12:00:00Z,PENDING_RERUN
kern_47313018009_prop_intel_dossier.md,Kern,"**APN**: 473-130-18-00-9 (mislabeled - this is the ATN, not the assessor parcel number)",**Source Identifier**: 473-130-18-00-9 (ATN) / **Assessor APN**: 473-130-18 (NOT_VERIFIED),DOSSIER_QA finding: ATN mislabeled as APN in 245/245 Kern dossiers - see property_model.py and monitor_runs/dossier_qa_report.md Section 1,kern/kern_enrich_docnum_verified.py; property_model.py:atn_to_assessor_parcel_number,2026-08-08T12:00:00Z,PENDING_RERUN
kern_47313018009_prop_intel_dossier.md,Kern,PRIORITY SIGNAL: GOING TO AUCTION in 37 days (2026-09-14 - 2026-09-16),PUBLIC-RECORD SIGNAL: Tax-default / Power-to-Sell public-record indicator; parcel-specific auction status not verified (county auction window ...,DOSSIER_QA finding: overclaimed parcel-specific auction-list confirmation against an unpublished live list - see monitor_runs/dossier_qa_report.md Section 2,report_builder.py (priority_signal_display logic); signal_priority.py,2026-08-08T12:00:00Z,PENDING_RERUN
kern_47313018009_prop_intel_dossier.md,Kern,Lien Risk Tier: LOW,Equity / Assessed-Value Indicator: HIGH (with disclaimer),Shared remediation: field was a pure equity-ratio proxy labeled as if a lien/title review had been performed,predictive_scorer.py (equity_signal logic),2026-08-08T12:00:00Z,PENDING_RERUN
kern_47515014007_prop_intel_dossier.md,Kern,"**APN**: 475-150-14-00-7 (mislabeled - this is the ATN, not the assessor parcel number)",**Source Identifier**: 475-150-14-00-7 (ATN) / **Assessor APN**: 475-150-14 (NOT_VERIFIED),DOSSIER_QA finding: ATN mislabeled as APN in 245/245 Kern dossiers - see property_model.py and monitor_runs/dossier_qa_report.md Section 1,kern/kern_enrich_docnum_verified.py; property_model.py:atn_to_assessor_parcel_number,2026-08-08T12:00:00Z,PENDING_RERUN
kern_47515014007_prop_intel_dossier.md,Kern,PRIORITY SIGNAL: GOING TO AUCTION in 37 days (2026-09-14 - 2026-09-16),PUBLIC-RECORD SIGNAL: Tax-default / Power-to-Sell public-record indicator; parcel-specific auction status not verified (county auction window ...,DOSSIER_QA finding: overclaimed parcel-specific auction-list confirmation against an unpublished live list - see monitor_runs/dossier_qa_report.md Section 2,report_builder.py (priority_signal_display logic); signal_priority.py,2026-08-08T12:00:00Z,PENDING_RERUN
kern_47515014007_prop_intel_dossier.md,Kern,Lien Risk Tier: LOW,Equity / Assessed-Value Indicator: HIGH (with disclaimer),Shared remediation: field was a pure equity-ratio proxy labeled as if a lien/title review had been performed,predictive_scorer.py (equity_signal logic),2026-08-08T12:00:00Z,PENDING_RERUN
kern_47517215000_prop_intel_dossier.md,Kern,"**APN**: 475-172-15-00-0 (mislabeled - this is the ATN, not the assessor parcel number)",**Source Identifier**: 475-172-15-00-0 (ATN) / **Assessor APN**: 475-172-15 (NOT_VERIFIED),DOSSIER_QA finding: ATN mislabeled as APN in 245/245 Kern dossiers - see property_model.py and monitor_runs/dossier_qa_report.md Section 1,kern/kern_enrich_docnum_verified.py; property_model.py:atn_to_assessor_parcel_number,2026-08-08T12:00:00Z,PENDING_RERUN
kern_47517215000_prop_intel_dossier.md,Kern,PRIORITY SIGNAL: GOING TO AUCTION in 37 days (2026-09-14 - 2026-09-16),PUBLIC-RECORD SIGNAL: Tax-default / Power-to-Sell public-record indicator; parcel-specific auction status not verified (county auction window ...,DOSSIER_QA finding: overclaimed parcel-specific auction-list confirmation against an unpublished live list - see monitor_runs/dossier_qa_report.md Section 2,report_builder.py (priority_signal_display logic); signal_priority.py,2026-08-08T12:00:00Z,PENDING_RERUN
kern_47517215000_prop_intel_dossier.md,Kern,Lien Risk Tier: LOW,Equity / Assessed-Value Indicator: HIGH (with disclaimer),Shared remediation: field was a pure equity-ratio proxy labeled as if a lien/title review had been performed,predictive_scorer.py (equity_signal logic),2026-08-08T12:00:00Z,PENDING_RERUN
kern_47711008002_prop_intel_dossier.md,Kern,"**APN**: 477-110-08-00-2 (mislabeled - this is the ATN, not the assessor parcel number)",**Source Identifier**: 477-110-08-00-2 (ATN) / **Assessor APN**: 477-110-08 (NOT_VERIFIED),DOSSIER_QA finding: ATN mislabeled as APN in 245/245 Kern dossiers - see property_model.py and monitor_runs/dossier_qa_report.md Section 1,kern/kern_enrich_docnum_verified.py; property_model.py:atn_to_assessor_parcel_number,2026-08-08T12:00:00Z,PENDING_RERUN
kern_47711008002_prop_intel_dossier.md,Kern,PRIORITY SIGNAL: GOING TO AUCTION in 37 days (2026-09-14 - 2026-09-16),PUBLIC-RECORD SIGNAL: Tax-default / Power-to-Sell public-record indicator; parcel-specific auction status not verified (county auction window ...,DOSSIER_QA finding: overclaimed parcel-specific auction-list confirmation against an unpublished live list - see monitor_runs/dossier_qa_report.md Section 2,report_builder.py (priority_signal_display logic); signal_priority.py,2026-08-08T12:00:00Z,PENDING_RERUN
kern_47711008002_prop_intel_dossier.md,Kern,Lien Risk Tier: LOW,Equity / Assessed-Value Indicator: HIGH (with disclaimer),Shared remediation: field was a pure equity-ratio proxy labeled as if a lien/title review had been performed,predictive_scorer.py (equity_signal logic),2026-08-08T12:00:00Z,PENDING_RERUN
kern_47808116001_prop_intel_dossier.md,Kern,"**APN**: 478-081-16-00-1 (mislabeled - this is the ATN, not the assessor parcel number)",**Source Identifier**: 478-081-16-00-1 (ATN) / **Assessor APN**: 478-081-16 (NOT_VERIFIED),DOSSIER_QA finding: ATN mislabeled as APN in 245/245 Kern dossiers - see property_model.py and monitor_runs/dossier_qa_report.md Section 1,kern/kern_enrich_docnum_verified.py; property_model.py:atn_to_assessor_parcel_number,2026-08-08T12:00:00Z,PENDING_RERUN
kern_47808116001_prop_intel_dossier.md,Kern,PRIORITY SIGNAL: GOING TO AUCTION in 37 days (2026-09-14 - 2026-09-16),PUBLIC-RECORD SIGNAL: Tax-default / Power-to-Sell public-record indicator; parcel-specific auction status not verified (county auction window ...,DOSSIER_QA finding: overclaimed parcel-specific auction-list confirmation against an unpublished live list - see monitor_runs/dossier_qa_report.md Section 2,report_builder.py (priority_signal_display logic); signal_priority.py,2026-08-08T12:00:00Z,PENDING_RERUN
kern_47808116001_prop_intel_dossier.md,Kern,Lien Risk Tier: HIGH,Equity / Assessed-Value Indicator: LOW (with disclaimer),Shared remediation: field was a pure equity-ratio proxy labeled as if a lien/title review had been performed,predictive_scorer.py (equity_signal logic),2026-08-08T12:00:00Z,PENDING_RERUN
kern_48617228008_prop_intel_dossier.md,Kern,"**APN**: 486-172-28-00-8 (mislabeled - this is the ATN, not the assessor parcel number)",**Source Identifier**: 486-172-28-00-8 (ATN) / **Assessor APN**: 486-172-28 (NOT_VERIFIED),DOSSIER_QA finding: ATN mislabeled as APN in 245/245 Kern dossiers - see property_model.py and monitor_runs/dossier_qa_report.md Section 1,kern/kern_enrich_docnum_verified.py; property_model.py:atn_to_assessor_parcel_number,2026-08-08T12:00:00Z,PENDING_RERUN
kern_48617228008_prop_intel_dossier.md,Kern,PRIORITY SIGNAL: GOING TO AUCTION in 37 days (2026-09-14 - 2026-09-16),PUBLIC-RECORD SIGNAL: Tax-default / Power-to-Sell public-record indicator; parcel-specific auction status not verified (county auction window ...,DOSSIER_QA finding: overclaimed parcel-specific auction-list confirmation against an unpublished live list - see monitor_runs/dossier_qa_report.md Section 2,report_builder.py (priority_signal_display logic); signal_priority.py,2026-08-08T12:00:00Z,PENDING_RERUN
kern_48617228008_prop_intel_dossier.md,Kern,Lien Risk Tier: LOW,Equity / Assessed-Value Indicator: HIGH (with disclaimer),Shared remediation: field was a pure equity-ratio proxy labeled as if a lien/title review had been performed,predictive_scorer.py (equity_signal logic),2026-08-08T12:00:00Z,PENDING_RERUN
kern_48711302008_prop_intel_dossier.md,Kern,"**APN**: 487-113-02-00-8 (mislabeled - this is the ATN, not the assessor parcel number)",**Source Identifier**: 487-113-02-00-8 (ATN) / **Assessor APN**: 487-113-02 (NOT_VERIFIED),DOSSIER_QA finding: ATN mislabeled as APN in 245/245 Kern dossiers - see property_model.py and monitor_runs/dossier_qa_report.md Section 1,kern/kern_enrich_docnum_verified.py; property_model.py:atn_to_assessor_parcel_number,2026-08-08T12:00:00Z,PENDING_RERUN
kern_48711302008_prop_intel_dossier.md,Kern,PRIORITY SIGNAL: GOING TO AUCTION in 37 days (2026-09-14 - 2026-09-16),PUBLIC-RECORD SIGNAL: Tax-default / Power-to-Sell public-record indicator; parcel-specific auction status not verified (county auction window ...,DOSSIER_QA finding: overclaimed parcel-specific auction-list confirmation against an unpublished live list - see monitor_runs/dossier_qa_report.md Section 2,report_builder.py (priority_signal_display logic); signal_priority.py,2026-08-08T12:00:00Z,PENDING_RERUN
kern_48711302008_prop_intel_dossier.md,Kern,Lien Risk Tier: HIGH,Equity / Assessed-Value Indicator: LOW (with disclaimer),Shared remediation: field was a pure equity-ratio proxy labeled as if a lien/title review had been performed,predictive_scorer.py (equity_signal logic),2026-08-08T12:00:00Z,PENDING_RERUN
kern_48827502006_prop_intel_dossier.md,Kern,"**APN**: 488-275-02-00-6 (mislabeled - this is the ATN, not the assessor parcel number)",**Source Identifier**: 488-275-02-00-6 (ATN) / **Assessor APN**: 488-275-02 (NOT_VERIFIED),DOSSIER_QA finding: ATN mislabeled as APN in 245/245 Kern dossiers - see property_model.py and monitor_runs/dossier_qa_report.md Section 1,kern/kern_enrich_docnum_verified.py; property_model.py:atn_to_assessor_parcel_number,2026-08-08T12:00:00Z,PENDING_RERUN
kern_48827502006_prop_intel_dossier.md,Kern,PRIORITY SIGNAL: GOING TO AUCTION in 37 days (2026-09-14 - 2026-09-16),PUBLIC-RECORD SIGNAL: Tax-default / Power-to-Sell public-record indicator; parcel-specific auction status not verified (county auction window ...,DOSSIER_QA finding: overclaimed parcel-specific auction-list confirmation against an unpublished live list - see monitor_runs/dossier_qa_report.md Section 2,report_builder.py (priority_signal_display logic); signal_priority.py,2026-08-08T12:00:00Z,PENDING_RERUN
kern_48827502006_prop_intel_dossier.md,Kern,Lien Risk Tier: LOW,Equity / Assessed-Value Indicator: HIGH (with disclaimer),Shared remediation: field was a pure equity-ratio proxy labeled as if a lien/title review had been performed,predictive_scorer.py (equity_signal logic),2026-08-08T12:00:00Z,PENDING_RERUN
kern_52006019005_prop_intel_dossier.md,Kern,"**APN**: 520-060-19-00-5 (mislabeled - this is the ATN, not the assessor parcel number)",**Source Identifier**: 520-060-19-00-5 (ATN) / **Assessor APN**: 520-060-19 (NOT_VERIFIED),DOSSIER_QA finding: ATN mislabeled as APN in 245/245 Kern dossiers - see property_model.py and monitor_runs/dossier_qa_report.md Section 1,kern/kern_enrich_docnum_verified.py; property_model.py:atn_to_assessor_parcel_number,2026-08-08T12:00:00Z,PENDING_RERUN
kern_52006019005_prop_intel_dossier.md,Kern,PRIORITY SIGNAL: GOING TO AUCTION in 37 days (2026-09-14 - 2026-09-16),PUBLIC-RECORD SIGNAL: Tax-default / Power-to-Sell public-record indicator; parcel-specific auction status not verified (county auction window ...,DOSSIER_QA finding: overclaimed parcel-specific auction-list confirmation against an unpublished live list - see monitor_runs/dossier_qa_report.md Section 2,report_builder.py (priority_signal_display logic); signal_priority.py,2026-08-08T12:00:00Z,PENDING_RERUN
kern_52006019005_prop_intel_dossier.md,Kern,Lien Risk Tier: HIGH,Equity / Assessed-Value Indicator: LOW (with disclaimer),Shared remediation: field was a pure equity-ratio proxy labeled as if a lien/title review had been performed,predictive_scorer.py (equity_signal logic),2026-08-08T12:00:00Z,PENDING_RERUN
butte_001081006000_prop_intel_dossier.md,Butte,Lien Risk Tier: MEDIUM,Equity / Assessed-Value Indicator: MEDIUM (with disclaimer),Shared remediation: field was a pure equity-ratio proxy labeled as if a lien/title review had been performed,predictive_scorer.py (equity_signal logic),2026-08-08T12:00:00Z,PENDING_RERUN
butte_001081007000_prop_intel_dossier.md,Butte,Lien Risk Tier: MEDIUM,Equity / Assessed-Value Indicator: MEDIUM (with disclaimer),Shared remediation: field was a pure equity-ratio proxy labeled as if a lien/title review had been performed,predictive_scorer.py (equity_signal logic),2026-08-08T12:00:00Z,PENDING_RERUN
butte_001081018000_prop_intel_dossier.md,Butte,Lien Risk Tier: HIGH,Equity / Assessed-Value Indicator: LOW (with disclaimer),Shared remediation: field was a pure equity-ratio proxy labeled as if a lien/title review had been performed,predictive_scorer.py (equity_signal logic),2026-08-08T12:00:00Z,PENDING_RERUN
butte_026111008000_prop_intel_dossier.md,Butte,Lien Risk Tier: MEDIUM,Equity / Assessed-Value Indicator: MEDIUM (with disclaimer),Shared remediation: field was a pure equity-ratio proxy labeled as if a lien/title review had been performed,predictive_scorer.py (equity_signal logic),2026-08-08T12:00:00Z,PENDING_RERUN
butte_027120038000_prop_intel_dossier.md,Butte,Lien Risk Tier: UNKNOWN,Equity / Assessed-Value Indicator: UNKNOWN (with disclaimer),Shared remediation: field was a pure equity-ratio proxy labeled as if a lien/title review had been performed,predictive_scorer.py (equity_signal logic),2026-08-08T12:00:00Z,PENDING_RERUN
butte_027290021000_prop_intel_dossier.md,Butte,Lien Risk Tier: MEDIUM,Equity / Assessed-Value Indicator: MEDIUM (with disclaimer),Shared remediation: field was a pure equity-ratio proxy labeled as if a lien/title review had been performed,predictive_scorer.py (equity_signal logic),2026-08-08T12:00:00Z,PENDING_RERUN
butte_031243024000_prop_intel_dossier.md,Butte,Lien Risk Tier: MEDIUM,Equity / Assessed-Value Indicator: MEDIUM (with disclaimer),Shared remediation: field was a pure equity-ratio proxy labeled as if a lien/title review had been performed,predictive_scorer.py (equity_signal logic),2026-08-08T12:00:00Z,PENDING_RERUN
butte_031281137000_prop_intel_dossier.md,Butte,Lien Risk Tier: LOW,Equity / Assessed-Value Indicator: HIGH (with disclaimer),Shared remediation: field was a pure equity-ratio proxy labeled as if a lien/title review had been performed,predictive_scorer.py (equity_signal logic),2026-08-08T12:00:00Z,PENDING_RERUN
butte_033067003000_prop_intel_dossier.md,Butte,Lien Risk Tier: UNKNOWN,Equity / Assessed-Value Indicator: UNKNOWN (with disclaimer),Shared remediation: field was a pure equity-ratio proxy labeled as if a lien/title review had been performed,predictive_scorer.py (equity_signal logic),2026-08-08T12:00:00Z,PENDING_RERUN
butte_033232003000_prop_intel_dossier.md,Butte,Lien Risk Tier: MEDIUM,Equity / Assessed-Value Indicator: MEDIUM (with disclaimer),Shared remediation: field was a pure equity-ratio proxy labeled as if a lien/title review had been performed,predictive_scorer.py (equity_signal logic),2026-08-08T12:00:00Z,PENDING_RERUN
butte_033232022000_prop_intel_dossier.md,Butte,Lien Risk Tier: MEDIUM,Equity / Assessed-Value Indicator: MEDIUM (with disclaimer),Shared remediation: field was a pure equity-ratio proxy labeled as if a lien/title review had been performed,predictive_scorer.py (equity_signal logic),2026-08-08T12:00:00Z,PENDING_RERUN
butte_033232025000_prop_intel_dossier.md,Butte,Lien Risk Tier: MEDIUM,Equity / Assessed-Value Indicator: MEDIUM (with disclaimer),Shared remediation: field was a pure equity-ratio proxy labeled as if a lien/title review had been performed,predictive_scorer.py (equity_signal logic),2026-08-08T12:00:00Z,PENDING_RERUN
butte_033232026000_prop_intel_dossier.md,Butte,Lien Risk Tier: MEDIUM,Equity / Assessed-Value Indicator: MEDIUM (with disclaimer),Shared remediation: field was a pure equity-ratio proxy labeled as if a lien/title review had been performed,predictive_scorer.py (equity_signal logic),2026-08-08T12:00:00Z,PENDING_RERUN
butte_035073020000_prop_intel_dossier.md,Butte,Lien Risk Tier: MEDIUM,Equity / Assessed-Value Indicator: MEDIUM (with disclaimer),Shared remediation: field was a pure equity-ratio proxy labeled as if a lien/title review had been performed,predictive_scorer.py (equity_signal logic),2026-08-08T12:00:00Z,PENDING_RERUN
butte_035083006000_prop_intel_dossier.md,Butte,Lien Risk Tier: LOW,Equity / Assessed-Value Indicator: HIGH (with disclaimer),Shared remediation: field was a pure equity-ratio proxy labeled as if a lien/title review had been performed,predictive_scorer.py (equity_signal logic),2026-08-08T12:00:00Z,PENDING_RERUN
butte_035098011000_prop_intel_dossier.md,Butte,Lien Risk Tier: MEDIUM,Equity / Assessed-Value Indicator: MEDIUM (with disclaimer),Shared remediation: field was a pure equity-ratio proxy labeled as if a lien/title review had been performed,predictive_scorer.py (equity_signal logic),2026-08-08T12:00:00Z,PENDING_RERUN
butte_035112009000_prop_intel_dossier.md,Butte,Lien Risk Tier: MEDIUM,Equity / Assessed-Value Indicator: MEDIUM (with disclaimer),Shared remediation: field was a pure equity-ratio proxy labeled as if a lien/title review had been performed,predictive_scorer.py (equity_signal logic),2026-08-08T12:00:00Z,PENDING_RERUN
butte_035143011000_prop_intel_dossier.md,Butte,Lien Risk Tier: LOW,Equity / Assessed-Value Indicator: HIGH (with disclaimer),Shared remediation: field was a pure equity-ratio proxy labeled as if a lien/title review had been performed,predictive_scorer.py (equity_signal logic),2026-08-08T12:00:00Z,PENDING_RERUN
butte_035155019000_prop_intel_dossier.md,Butte,Lien Risk Tier: HIGH,Equity / Assessed-Value Indicator: LOW (with disclaimer),Shared remediation: field was a pure equity-ratio proxy labeled as if a lien/title review had been performed,predictive_scorer.py (equity_signal logic),2026-08-08T12:00:00Z,PENDING_RERUN
butte_035191010000_prop_intel_dossier.md,Butte,Lien Risk Tier: MEDIUM,Equity / Assessed-Value Indicator: MEDIUM (with disclaimer),Shared remediation: field was a pure equity-ratio proxy labeled as if a lien/title review had been performed,predictive_scorer.py (equity_signal logic),2026-08-08T12:00:00Z,PENDING_RERUN
butte_041260027000_prop_intel_dossier.md,Butte,Lien Risk Tier: LOW,Equity / Assessed-Value Indicator: HIGH (with disclaimer),Shared remediation: field was a pure equity-ratio proxy labeled as if a lien/title review had been performed,predictive_scorer.py (equity_signal logic),2026-08-08T12:00:00Z,PENDING_RERUN
butte_050040132000_prop_intel_dossier.md,Butte,Lien Risk Tier: MEDIUM,Equity / Assessed-Value Indicator: MEDIUM (with disclaimer),Shared remediation: field was a pure equity-ratio proxy labeled as if a lien/title review had been performed,predictive_scorer.py (equity_signal logic),2026-08-08T12:00:00Z,PENDING_RERUN
butte_050120121000_prop_intel_dossier.md,Butte,Lien Risk Tier: LOW,Equity / Assessed-Value Indicator: HIGH (with disclaimer),Shared remediation: field was a pure equity-ratio proxy labeled as if a lien/title review had been performed,predictive_scorer.py (equity_signal logic),2026-08-08T12:00:00Z,PENDING_RERUN
butte_051072071000_prop_intel_dossier.md,Butte,Lien Risk Tier: LOW,Equity / Assessed-Value Indicator: HIGH (with disclaimer),Shared remediation: field was a pure equity-ratio proxy labeled as if a lien/title review had been performed,predictive_scorer.py (equity_signal logic),2026-08-08T12:00:00Z,PENDING_RERUN
butte_051083079000_prop_intel_dossier.md,Butte,Lien Risk Tier: MEDIUM,Equity / Assessed-Value Indicator: MEDIUM (with disclaimer),Shared remediation: field was a pure equity-ratio proxy labeled as if a lien/title review had been performed,predictive_scorer.py (equity_signal logic),2026-08-08T12:00:00Z,PENDING_RERUN
butte_051171067000_prop_intel_dossier.md,Butte,Lien Risk Tier: HIGH,Equity / Assessed-Value Indicator: LOW (with disclaimer),Shared remediation: field was a pure equity-ratio proxy labeled as if a lien/title review had been performed,predictive_scorer.py (equity_signal logic),2026-08-08T12:00:00Z,PENDING_RERUN
butte_051280005000_prop_intel_dossier.md,Butte,Lien Risk Tier: LOW,Equity / Assessed-Value Indicator: HIGH (with disclaimer),Shared remediation: field was a pure equity-ratio proxy labeled as if a lien/title review had been performed,predictive_scorer.py (equity_signal logic),2026-08-08T12:00:00Z,PENDING_RERUN
butte_052011094000_prop_intel_dossier.md,Butte,Lien Risk Tier: MEDIUM,Equity / Assessed-Value Indicator: MEDIUM (with disclaimer),Shared remediation: field was a pure equity-ratio proxy labeled as if a lien/title review had been performed,predictive_scorer.py (equity_signal logic),2026-08-08T12:00:00Z,PENDING_RERUN
butte_052031040000_prop_intel_dossier.md,Butte,Lien Risk Tier: LOW,Equity / Assessed-Value Indicator: HIGH (with disclaimer),Shared remediation: field was a pure equity-ratio proxy labeled as if a lien/title review had been performed,predictive_scorer.py (equity_signal logic),2026-08-08T12:00:00Z,PENDING_RERUN
butte_052040067000_prop_intel_dossier.md,Butte,Lien Risk Tier: LOW,Equity / Assessed-Value Indicator: HIGH (with disclaimer),Shared remediation: field was a pure equity-ratio proxy labeled as if a lien/title review had been performed,predictive_scorer.py (equity_signal logic),2026-08-08T12:00:00Z,PENDING_RERUN
butte_052080054000_prop_intel_dossier.md,Butte,Lien Risk Tier: LOW,Equity / Assessed-Value Indicator: HIGH (with disclaimer),Shared remediation: field was a pure equity-ratio proxy labeled as if a lien/title review had been performed,predictive_scorer.py (equity_signal logic),2026-08-08T12:00:00Z,PENDING_RERUN
butte_052250052000_prop_intel_dossier.md,Butte,Lien Risk Tier: LOW,Equity / Assessed-Value Indicator: HIGH (with disclaimer),Shared remediation: field was a pure equity-ratio proxy labeled as if a lien/title review had been performed,predictive_scorer.py (equity_signal logic),2026-08-08T12:00:00Z,PENDING_RERUN
butte_052290079000_prop_intel_dossier.md,Butte,Lien Risk Tier: LOW,Equity / Assessed-Value Indicator: HIGH (with disclaimer),Shared remediation: field was a pure equity-ratio proxy labeled as if a lien/title review had been performed,predictive_scorer.py (equity_signal logic),2026-08-08T12:00:00Z,PENDING_RERUN
butte_052290161000_prop_intel_dossier.md,Butte,Lien Risk Tier: LOW,Equity / Assessed-Value Indicator: HIGH (with disclaimer),Shared remediation: field was a pure equity-ratio proxy labeled as if a lien/title review had been performed,predictive_scorer.py (equity_signal logic),2026-08-08T12:00:00Z,PENDING_RERUN
butte_053021067000_prop_intel_dossier.md,Butte,Lien Risk Tier: MEDIUM,Equity / Assessed-Value Indicator: MEDIUM (with disclaimer),Shared remediation: field was a pure equity-ratio proxy labeled as if a lien/title review had been performed,predictive_scorer.py (equity_signal logic),2026-08-08T12:00:00Z,PENDING_RERUN
butte_053180086000_prop_intel_dossier.md,Butte,Lien Risk Tier: LOW,Equity / Assessed-Value Indicator: HIGH (with disclaimer),Shared remediation: field was a pure equity-ratio proxy labeled as if a lien/title review had been performed,predictive_scorer.py (equity_signal logic),2026-08-08T12:00:00Z,PENDING_RERUN
butte_053340041000_prop_intel_dossier.md,Butte,Lien Risk Tier: UNKNOWN,Equity / Assessed-Value Indicator: UNKNOWN (with disclaimer),Shared remediation: field was a pure equity-ratio proxy labeled as if a lien/title review had been performed,predictive_scorer.py (equity_signal logic),2026-08-08T12:00:00Z,PENDING_RERUN
butte_054161037000_prop_intel_dossier.md,Butte,Lien Risk Tier: LOW,Equity / Assessed-Value Indicator: HIGH (with disclaimer),Shared remediation: field was a pure equity-ratio proxy labeled as if a lien/title review had been performed,predictive_scorer.py (equity_signal logic),2026-08-08T12:00:00Z,PENDING_RERUN
butte_054192095000_prop_intel_dossier.md,Butte,Lien Risk Tier: MEDIUM,Equity / Assessed-Value Indicator: MEDIUM (with disclaimer),Shared remediation: field was a pure equity-ratio proxy labeled as if a lien/title review had been performed,predictive_scorer.py (equity_signal logic),2026-08-08T12:00:00Z,PENDING_RERUN
butte_054260006000_prop_intel_dossier.md,Butte,Lien Risk Tier: HIGH,Equity / Assessed-Value Indicator: LOW (with disclaimer),Shared remediation: field was a pure equity-ratio proxy labeled as if a lien/title review had been performed,predictive_scorer.py (equity_signal logic),2026-08-08T12:00:00Z,PENDING_RERUN
butte_055130089000_prop_intel_dossier.md,Butte,Lien Risk Tier: LOW,Equity / Assessed-Value Indicator: HIGH (with disclaimer),Shared remediation: field was a pure equity-ratio proxy labeled as if a lien/title review had been performed,predictive_scorer.py (equity_signal logic),2026-08-08T12:00:00Z,PENDING_RERUN
butte_055330017000_prop_intel_dossier.md,Butte,Lien Risk Tier: LOW,Equity / Assessed-Value Indicator: HIGH (with disclaimer),Shared remediation: field was a pure equity-ratio proxy labeled as if a lien/title review had been performed,predictive_scorer.py (equity_signal logic),2026-08-08T12:00:00Z,PENDING_RERUN
butte_055520085000_prop_intel_dossier.md,Butte,Lien Risk Tier: LOW,Equity / Assessed-Value Indicator: HIGH (with disclaimer),Shared remediation: field was a pure equity-ratio proxy labeled as if a lien/title review had been performed,predictive_scorer.py (equity_signal logic),2026-08-08T12:00:00Z,PENDING_RERUN
butte_056400019000_prop_intel_dossier.md,Butte,Lien Risk Tier: LOW,Equity / Assessed-Value Indicator: HIGH (with disclaimer),Shared remediation: field was a pure equity-ratio proxy labeled as if a lien/title review had been performed,predictive_scorer.py (equity_signal logic),2026-08-08T12:00:00Z,PENDING_RERUN
butte_058260060000_prop_intel_dossier.md,Butte,Lien Risk Tier: MEDIUM,Equity / Assessed-Value Indicator: MEDIUM (with disclaimer),Shared remediation: field was a pure equity-ratio proxy labeled as if a lien/title review had been performed,predictive_scorer.py (equity_signal logic),2026-08-08T12:00:00Z,PENDING_RERUN
butte_058330038000_prop_intel_dossier.md,Butte,Lien Risk Tier: LOW,Equity / Assessed-Value Indicator: HIGH (with disclaimer),Shared remediation: field was a pure equity-ratio proxy labeled as if a lien/title review had been performed,predictive_scorer.py (equity_signal logic),2026-08-08T12:00:00Z,PENDING_RERUN
butte_058330046000_prop_intel_dossier.md,Butte,Lien Risk Tier: LOW,Equity / Assessed-Value Indicator: HIGH (with disclaimer),Shared remediation: field was a pure equity-ratio proxy labeled as if a lien/title review had been performed,predictive_scorer.py (equity_signal logic),2026-08-08T12:00:00Z,PENDING_RERUN
butte_058370023000_prop_intel_dossier.md,Butte,Lien Risk Tier: LOW,Equity / Assessed-Value Indicator: HIGH (with disclaimer),Shared remediation: field was a pure equity-ratio proxy labeled as if a lien/title review had been performed,predictive_scorer.py (equity_signal logic),2026-08-08T12:00:00Z,PENDING_RERUN
butte_058370027000_prop_intel_dossier.md,Butte,Lien Risk Tier: HIGH,Equity / Assessed-Value Indicator: LOW (with disclaimer),Shared remediation: field was a pure equity-ratio proxy labeled as if a lien/title review had been performed,predictive_scorer.py (equity_signal logic),2026-08-08T12:00:00Z,PENDING_RERUN
butte_058370048000_prop_intel_dossier.md,Butte,Lien Risk Tier: LOW,Equity / Assessed-Value Indicator: HIGH (with disclaimer),Shared remediation: field was a pure equity-ratio proxy labeled as if a lien/title review had been performed,predictive_scorer.py (equity_signal logic),2026-08-08T12:00:00Z,PENDING_RERUN
butte_058410029000_prop_intel_dossier.md,Butte,Lien Risk Tier: HIGH,Equity / Assessed-Value Indicator: LOW (with disclaimer),Shared remediation: field was a pure equity-ratio proxy labeled as if a lien/title review had been performed,predictive_scorer.py (equity_signal logic),2026-08-08T12:00:00Z,PENDING_RERUN
butte_058430019000_prop_intel_dossier.md,Butte,Lien Risk Tier: LOW,Equity / Assessed-Value Indicator: HIGH (with disclaimer),Shared remediation: field was a pure equity-ratio proxy labeled as if a lien/title review had been performed,predictive_scorer.py (equity_signal logic),2026-08-08T12:00:00Z,PENDING_RERUN
butte_059087011000_prop_intel_dossier.md,Butte,Lien Risk Tier: MEDIUM,Equity / Assessed-Value Indicator: MEDIUM (with disclaimer),Shared remediation: field was a pure equity-ratio proxy labeled as if a lien/title review had been performed,predictive_scorer.py (equity_signal logic),2026-08-08T12:00:00Z,PENDING_RERUN
butte_059087017000_prop_intel_dossier.md,Butte,Lien Risk Tier: LOW,Equity / Assessed-Value Indicator: HIGH (with disclaimer),Shared remediation: field was a pure equity-ratio proxy labeled as if a lien/title review had been performed,predictive_scorer.py (equity_signal logic),2026-08-08T12:00:00Z,PENDING_RERUN
butte_059092008000_prop_intel_dossier.md,Butte,Lien Risk Tier: MEDIUM,Equity / Assessed-Value Indicator: MEDIUM (with disclaimer),Shared remediation: field was a pure equity-ratio proxy labeled as if a lien/title review had been performed,predictive_scorer.py (equity_signal logic),2026-08-08T12:00:00Z,PENDING_RERUN
butte_061550017000_prop_intel_dossier.md,Butte,Lien Risk Tier: LOW,Equity / Assessed-Value Indicator: HIGH (with disclaimer),Shared remediation: field was a pure equity-ratio proxy labeled as if a lien/title review had been performed,predictive_scorer.py (equity_signal logic),2026-08-08T12:00:00Z,PENDING_RERUN
butte_061550018000_prop_intel_dossier.md,Butte,Lien Risk Tier: LOW,Equity / Assessed-Value Indicator: HIGH (with disclaimer),Shared remediation: field was a pure equity-ratio proxy labeled as if a lien/title review had been performed,predictive_scorer.py (equity_signal logic),2026-08-08T12:00:00Z,PENDING_RERUN
butte_061590007000_prop_intel_dossier.md,Butte,Lien Risk Tier: LOW,Equity / Assessed-Value Indicator: HIGH (with disclaimer),Shared remediation: field was a pure equity-ratio proxy labeled as if a lien/title review had been performed,predictive_scorer.py (equity_signal logic),2026-08-08T12:00:00Z,PENDING_RERUN
butte_061590009000_prop_intel_dossier.md,Butte,Lien Risk Tier: LOW,Equity / Assessed-Value Indicator: HIGH (with disclaimer),Shared remediation: field was a pure equity-ratio proxy labeled as if a lien/title review had been performed,predictive_scorer.py (equity_signal logic),2026-08-08T12:00:00Z,PENDING_RERUN
butte_061610005000_prop_intel_dossier.md,Butte,Lien Risk Tier: LOW,Equity / Assessed-Value Indicator: HIGH (with disclaimer),Shared remediation: field was a pure equity-ratio proxy labeled as if a lien/title review had been performed,predictive_scorer.py (equity_signal logic),2026-08-08T12:00:00Z,PENDING_RERUN
butte_061610009000_prop_intel_dossier.md,Butte,Lien Risk Tier: LOW,Equity / Assessed-Value Indicator: HIGH (with disclaimer),Shared remediation: field was a pure equity-ratio proxy labeled as if a lien/title review had been performed,predictive_scorer.py (equity_signal logic),2026-08-08T12:00:00Z,PENDING_RERUN
butte_062140027000_prop_intel_dossier.md,Butte,Lien Risk Tier: UNKNOWN,Equity / Assessed-Value Indicator: UNKNOWN (with disclaimer),Shared remediation: field was a pure equity-ratio proxy labeled as if a lien/title review had been performed,predictive_scorer.py (equity_signal logic),2026-08-08T12:00:00Z,PENDING_RERUN
butte_062150008000_prop_intel_dossier.md,Butte,Lien Risk Tier: UNKNOWN,Equity / Assessed-Value Indicator: UNKNOWN (with disclaimer),Shared remediation: field was a pure equity-ratio proxy labeled as if a lien/title review had been performed,predictive_scorer.py (equity_signal logic),2026-08-08T12:00:00Z,PENDING_RERUN
butte_062150009000_prop_intel_dossier.md,Butte,Lien Risk Tier: UNKNOWN,Equity / Assessed-Value Indicator: UNKNOWN (with disclaimer),Shared remediation: field was a pure equity-ratio proxy labeled as if a lien/title review had been performed,predictive_scorer.py (equity_signal logic),2026-08-08T12:00:00Z,PENDING_RERUN
butte_062190025000_prop_intel_dossier.md,Butte,Lien Risk Tier: MEDIUM,Equity / Assessed-Value Indicator: MEDIUM (with disclaimer),Shared remediation: field was a pure equity-ratio proxy labeled as if a lien/title review had been performed,predictive_scorer.py (equity_signal logic),2026-08-08T12:00:00Z,PENDING_RERUN
butte_062190029000_prop_intel_dossier.md,Butte,Lien Risk Tier: MEDIUM,Equity / Assessed-Value Indicator: MEDIUM (with disclaimer),Shared remediation: field was a pure equity-ratio proxy labeled as if a lien/title review had been performed,predictive_scorer.py (equity_signal logic),2026-08-08T12:00:00Z,PENDING_RERUN
butte_062300005000_prop_intel_dossier.md,Butte,Lien Risk Tier: LOW,Equity / Assessed-Value Indicator: HIGH (with disclaimer),Shared remediation: field was a pure equity-ratio proxy labeled as if a lien/title review had been performed,predictive_scorer.py (equity_signal logic),2026-08-08T12:00:00Z,PENDING_RERUN
butte_062300006000_prop_intel_dossier.md,Butte,Lien Risk Tier: LOW,Equity / Assessed-Value Indicator: HIGH (with disclaimer),Shared remediation: field was a pure equity-ratio proxy labeled as if a lien/title review had been performed,predictive_scorer.py (equity_signal logic),2026-08-08T12:00:00Z,PENDING_RERUN
butte_062300007000_prop_intel_dossier.md,Butte,Lien Risk Tier: HIGH,Equity / Assessed-Value Indicator: LOW (with disclaimer),Shared remediation: field was a pure equity-ratio proxy labeled as if a lien/title review had been performed,predictive_scorer.py (equity_signal logic),2026-08-08T12:00:00Z,PENDING_RERUN
butte_062300033000_prop_intel_dossier.md,Butte,Lien Risk Tier: LOW,Equity / Assessed-Value Indicator: HIGH (with disclaimer),Shared remediation: field was a pure equity-ratio proxy labeled as if a lien/title review had been performed,predictive_scorer.py (equity_signal logic),2026-08-08T12:00:00Z,PENDING_RERUN
butte_062300044000_prop_intel_dossier.md,Butte,Lien Risk Tier: LOW,Equity / Assessed-Value Indicator: HIGH (with disclaimer),Shared remediation: field was a pure equity-ratio proxy labeled as if a lien/title review had been performed,predictive_scorer.py (equity_signal logic),2026-08-08T12:00:00Z,PENDING_RERUN
butte_062300077000_prop_intel_dossier.md,Butte,Lien Risk Tier: MEDIUM,Equity / Assessed-Value Indicator: MEDIUM (with disclaimer),Shared remediation: field was a pure equity-ratio proxy labeled as if a lien/title review had been performed,predictive_scorer.py (equity_signal logic),2026-08-08T12:00:00Z,PENDING_RERUN
butte_062300078000_prop_intel_dossier.md,Butte,Lien Risk Tier: LOW,Equity / Assessed-Value Indicator: HIGH (with disclaimer),Shared remediation: field was a pure equity-ratio proxy labeled as if a lien/title review had been performed,predictive_scorer.py (equity_signal logic),2026-08-08T12:00:00Z,PENDING_RERUN
butte_062310012000_prop_intel_dossier.md,Butte,Lien Risk Tier: MEDIUM,Equity / Assessed-Value Indicator: MEDIUM (with disclaimer),Shared remediation: field was a pure equity-ratio proxy labeled as if a lien/title review had been performed,predictive_scorer.py (equity_signal logic),2026-08-08T12:00:00Z,PENDING_RERUN
butte_062320006000_prop_intel_dossier.md,Butte,Lien Risk Tier: LOW,Equity / Assessed-Value Indicator: HIGH (with disclaimer),Shared remediation: field was a pure equity-ratio proxy labeled as if a lien/title review had been performed,predictive_scorer.py (equity_signal logic),2026-08-08T12:00:00Z,PENDING_RERUN
butte_062320008000_prop_intel_dossier.md,Butte,Lien Risk Tier: LOW,Equity / Assessed-Value Indicator: HIGH (with disclaimer),Shared remediation: field was a pure equity-ratio proxy labeled as if a lien/title review had been performed,predictive_scorer.py (equity_signal logic),2026-08-08T12:00:00Z,PENDING_RERUN
butte_062320018000_prop_intel_dossier.md,Butte,Lien Risk Tier: MEDIUM,Equity / Assessed-Value Indicator: MEDIUM (with disclaimer),Shared remediation: field was a pure equity-ratio proxy labeled as if a lien/title review had been performed,predictive_scorer.py (equity_signal logic),2026-08-08T12:00:00Z,PENDING_RERUN
butte_062320029000_prop_intel_dossier.md,Butte,Lien Risk Tier: LOW,Equity / Assessed-Value Indicator: HIGH (with disclaimer),Shared remediation: field was a pure equity-ratio proxy labeled as if a lien/title review had been performed,predictive_scorer.py (equity_signal logic),2026-08-08T12:00:00Z,PENDING_RERUN
butte_062340018000_prop_intel_dossier.md,Butte,Lien Risk Tier: LOW,Equity / Assessed-Value Indicator: HIGH (with disclaimer),Shared remediation: field was a pure equity-ratio proxy labeled as if a lien/title review had been performed,predictive_scorer.py (equity_signal logic),2026-08-08T12:00:00Z,PENDING_RERUN
butte_062350024000_prop_intel_dossier.md,Butte,Lien Risk Tier: LOW,Equity / Assessed-Value Indicator: HIGH (with disclaimer),Shared remediation: field was a pure equity-ratio proxy labeled as if a lien/title review had been performed,predictive_scorer.py (equity_signal logic),2026-08-08T12:00:00Z,PENDING_RERUN
butte_062690027000_prop_intel_dossier.md,Butte,Lien Risk Tier: LOW,Equity / Assessed-Value Indicator: HIGH (with disclaimer),Shared remediation: field was a pure equity-ratio proxy labeled as if a lien/title review had been performed,predictive_scorer.py (equity_signal logic),2026-08-08T12:00:00Z,PENDING_RERUN
butte_062710019000_prop_intel_dossier.md,Butte,Lien Risk Tier: MEDIUM,Equity / Assessed-Value Indicator: MEDIUM (with disclaimer),Shared remediation: field was a pure equity-ratio proxy labeled as if a lien/title review had been performed,predictive_scorer.py (equity_signal logic),2026-08-08T12:00:00Z,PENDING_RERUN
butte_062730008000_prop_intel_dossier.md,Butte,Lien Risk Tier: MEDIUM,Equity / Assessed-Value Indicator: MEDIUM (with disclaimer),Shared remediation: field was a pure equity-ratio proxy labeled as if a lien/title review had been performed,predictive_scorer.py (equity_signal logic),2026-08-08T12:00:00Z,PENDING_RERUN
butte_062750036000_prop_intel_dossier.md,Butte,Lien Risk Tier: MEDIUM,Equity / Assessed-Value Indicator: MEDIUM (with disclaimer),Shared remediation: field was a pure equity-ratio proxy labeled as if a lien/title review had been performed,predictive_scorer.py (equity_signal logic),2026-08-08T12:00:00Z,PENDING_RERUN
butte_065210023000_prop_intel_dossier.md,Butte,Lien Risk Tier: UNKNOWN,Equity / Assessed-Value Indicator: UNKNOWN (with disclaimer),Shared remediation: field was a pure equity-ratio proxy labeled as if a lien/title review had been performed,predictive_scorer.py (equity_signal logic),2026-08-08T12:00:00Z,PENDING_RERUN
butte_066050011000_prop_intel_dossier.md,Butte,Lien Risk Tier: HIGH,Equity / Assessed-Value Indicator: LOW (with disclaimer),Shared remediation: field was a pure equity-ratio proxy labeled as if a lien/title review had been performed,predictive_scorer.py (equity_signal logic),2026-08-08T12:00:00Z,PENDING_RERUN
butte_066100010000_prop_intel_dossier.md,Butte,Lien Risk Tier: MEDIUM,Equity / Assessed-Value Indicator: MEDIUM (with disclaimer),Shared remediation: field was a pure equity-ratio proxy labeled as if a lien/title review had been performed,predictive_scorer.py (equity_signal logic),2026-08-08T12:00:00Z,PENDING_RERUN
butte_066130036000_prop_intel_dossier.md,Butte,Lien Risk Tier: MEDIUM,Equity / Assessed-Value Indicator: MEDIUM (with disclaimer),Shared remediation: field was a pure equity-ratio proxy labeled as if a lien/title review had been performed,predictive_scorer.py (equity_signal logic),2026-08-08T12:00:00Z,PENDING_RERUN
butte_066220001000_prop_intel_dossier.md,Butte,Lien Risk Tier: MEDIUM,Equity / Assessed-Value Indicator: MEDIUM (with disclaimer),Shared remediation: field was a pure equity-ratio proxy labeled as if a lien/title review had been performed,predictive_scorer.py (equity_signal logic),2026-08-08T12:00:00Z,PENDING_RERUN
butte_066230047000_prop_intel_dossier.md,Butte,Lien Risk Tier: MEDIUM,Equity / Assessed-Value Indicator: MEDIUM (with disclaimer),Shared remediation: field was a pure equity-ratio proxy labeled as if a lien/title review had been performed,predictive_scorer.py (equity_signal logic),2026-08-08T12:00:00Z,PENDING_RERUN
butte_066270036000_prop_intel_dossier.md,Butte,Lien Risk Tier: MEDIUM,Equity / Assessed-Value Indicator: MEDIUM (with disclaimer),Shared remediation: field was a pure equity-ratio proxy labeled as if a lien/title review had been performed,predictive_scorer.py (equity_signal logic),2026-08-08T12:00:00Z,PENDING_RERUN
butte_066420011000_prop_intel_dossier.md,Butte,Lien Risk Tier: LOW,Equity / Assessed-Value Indicator: HIGH (with disclaimer),Shared remediation: field was a pure equity-ratio proxy labeled as if a lien/title review had been performed,predictive_scorer.py (equity_signal logic),2026-08-08T12:00:00Z,PENDING_RERUN
butte_069190021000_prop_intel_dossier.md,Butte,Lien Risk Tier: MEDIUM,Equity / Assessed-Value Indicator: MEDIUM (with disclaimer),Shared remediation: field was a pure equity-ratio proxy labeled as if a lien/title review had been performed,predictive_scorer.py (equity_signal logic),2026-08-08T12:00:00Z,PENDING_RERUN
butte_071060021000_prop_intel_dossier.md,Butte,Lien Risk Tier: MEDIUM,Equity / Assessed-Value Indicator: MEDIUM (with disclaimer),Shared remediation: field was a pure equity-ratio proxy labeled as if a lien/title review had been performed,predictive_scorer.py (equity_signal logic),2026-08-08T12:00:00Z,PENDING_RERUN
butte_071060025000_prop_intel_dossier.md,Butte,Lien Risk Tier: LOW,Equity / Assessed-Value Indicator: HIGH (with disclaimer),Shared remediation: field was a pure equity-ratio proxy labeled as if a lien/title review had been performed,predictive_scorer.py (equity_signal logic),2026-08-08T12:00:00Z,PENDING_RERUN
butte_071150003000_prop_intel_dossier.md,Butte,Lien Risk Tier: LOW,Equity / Assessed-Value Indicator: HIGH (with disclaimer),Shared remediation: field was a pure equity-ratio proxy labeled as if a lien/title review had been performed,predictive_scorer.py (equity_signal logic),2026-08-08T12:00:00Z,PENDING_RERUN
butte_071240025000_prop_intel_dossier.md,Butte,Lien Risk Tier: LOW,Equity / Assessed-Value Indicator: HIGH (with disclaimer),Shared remediation: field was a pure equity-ratio proxy labeled as if a lien/title review had been performed,predictive_scorer.py (equity_signal logic),2026-08-08T12:00:00Z,PENDING_RERUN
butte_071270029000_prop_intel_dossier.md,Butte,Lien Risk Tier: LOW,Equity / Assessed-Value Indicator: HIGH (with disclaimer),Shared remediation: field was a pure equity-ratio proxy labeled as if a lien/title review had been performed,predictive_scorer.py (equity_signal logic),2026-08-08T12:00:00Z,PENDING_RERUN
butte_071270045000_prop_intel_dossier.md,Butte,Lien Risk Tier: LOW,Equity / Assessed-Value Indicator: HIGH (with disclaimer),Shared remediation: field was a pure equity-ratio proxy labeled as if a lien/title review had been performed,predictive_scorer.py (equity_signal logic),2026-08-08T12:00:00Z,PENDING_RERUN
butte_071280038000_prop_intel_dossier.md,Butte,Lien Risk Tier: LOW,Equity / Assessed-Value Indicator: HIGH (with disclaimer),Shared remediation: field was a pure equity-ratio proxy labeled as if a lien/title review had been performed,predictive_scorer.py (equity_signal logic),2026-08-08T12:00:00Z,PENDING_RERUN
butte_071320003000_prop_intel_dossier.md,Butte,Lien Risk Tier: UNKNOWN,Equity / Assessed-Value Indicator: UNKNOWN (with disclaimer),Shared remediation: field was a pure equity-ratio proxy labeled as if a lien/title review had been performed,predictive_scorer.py (equity_signal logic),2026-08-08T12:00:00Z,PENDING_RERUN
butte_071470021000_prop_intel_dossier.md,Butte,Lien Risk Tier: LOW,Equity / Assessed-Value Indicator: HIGH (with disclaimer),Shared remediation: field was a pure equity-ratio proxy labeled as if a lien/title review had been performed,predictive_scorer.py (equity_signal logic),2026-08-08T12:00:00Z,PENDING_RERUN
butte_072190015000_prop_intel_dossier.md,Butte,Lien Risk Tier: LOW,Equity / Assessed-Value Indicator: HIGH (with disclaimer),Shared remediation: field was a pure equity-ratio proxy labeled as if a lien/title review had been performed,predictive_scorer.py (equity_signal logic),2026-08-08T12:00:00Z,PENDING_RERUN
butte_072200034000_prop_intel_dossier.md,Butte,Lien Risk Tier: LOW,Equity / Assessed-Value Indicator: HIGH (with disclaimer),Shared remediation: field was a pure equity-ratio proxy labeled as if a lien/title review had been performed,predictive_scorer.py (equity_signal logic),2026-08-08T12:00:00Z,PENDING_RERUN
lake_005012300000_prop_intel_dossier.md,Lake,Lien Risk Tier: LOW,Equity / Assessed-Value Indicator: HIGH (with disclaimer),Shared remediation: field was a pure equity-ratio proxy labeled as if a lien/title review had been performed,predictive_scorer.py (equity_signal logic),2026-08-08T12:00:00Z,PENDING_RERUN
lake_006462150000_prop_intel_dossier.md,Lake,Lien Risk Tier: LOW,Equity / Assessed-Value Indicator: HIGH (with disclaimer),Shared remediation: field was a pure equity-ratio proxy labeled as if a lien/title review had been performed,predictive_scorer.py (equity_signal logic),2026-08-08T12:00:00Z,PENDING_RERUN
lake_031113560000_prop_intel_dossier.md,Lake,Lien Risk Tier: LOW,Equity / Assessed-Value Indicator: HIGH (with disclaimer),Shared remediation: field was a pure equity-ratio proxy labeled as if a lien/title review had been performed,predictive_scorer.py (equity_signal logic),2026-08-08T12:00:00Z,PENDING_RERUN
lake_034552380000_prop_intel_dossier.md,Lake,Lien Risk Tier: LOW,Equity / Assessed-Value Indicator: HIGH (with disclaimer),Shared remediation: field was a pure equity-ratio proxy labeled as if a lien/title review had been performed,predictive_scorer.py (equity_signal logic),2026-08-08T12:00:00Z,PENDING_RERUN
lake_034866170000_prop_intel_dossier.md,Lake,Lien Risk Tier: LOW,Equity / Assessed-Value Indicator: HIGH (with disclaimer),Shared remediation: field was a pure equity-ratio proxy labeled as if a lien/title review had been performed,predictive_scorer.py (equity_signal logic),2026-08-08T12:00:00Z,PENDING_RERUN
lake_035152600000_prop_intel_dossier.md,Lake,Lien Risk Tier: LOW,Equity / Assessed-Value Indicator: HIGH (with disclaimer),Shared remediation: field was a pure equity-ratio proxy labeled as if a lien/title review had been performed,predictive_scorer.py (equity_signal logic),2026-08-08T12:00:00Z,PENDING_RERUN
lake_035385180000_prop_intel_dossier.md,Lake,Lien Risk Tier: LOW,Equity / Assessed-Value Indicator: HIGH (with disclaimer),Shared remediation: field was a pure equity-ratio proxy labeled as if a lien/title review had been performed,predictive_scorer.py (equity_signal logic),2026-08-08T12:00:00Z,PENDING_RERUN
lake_035385370000_prop_intel_dossier.md,Lake,Lien Risk Tier: LOW,Equity / Assessed-Value Indicator: HIGH (with disclaimer),Shared remediation: field was a pure equity-ratio proxy labeled as if a lien/title review had been performed,predictive_scorer.py (equity_signal logic),2026-08-08T12:00:00Z,PENDING_RERUN
lake_038234400000_prop_intel_dossier.md,Lake,Lien Risk Tier: LOW,Equity / Assessed-Value Indicator: HIGH (with disclaimer),Shared remediation: field was a pure equity-ratio proxy labeled as if a lien/title review had been performed,predictive_scorer.py (equity_signal logic),2026-08-08T12:00:00Z,PENDING_RERUN
lake_039392570000_prop_intel_dossier.md,Lake,Lien Risk Tier: LOW,Equity / Assessed-Value Indicator: HIGH (with disclaimer),Shared remediation: field was a pure equity-ratio proxy labeled as if a lien/title review had been performed,predictive_scorer.py (equity_signal logic),2026-08-08T12:00:00Z,PENDING_RERUN
lake_040330280000_prop_intel_dossier.md,Lake,Lien Risk Tier: LOW,Equity / Assessed-Value Indicator: HIGH (with disclaimer),Shared remediation: field was a pure equity-ratio proxy labeled as if a lien/title review had been performed,predictive_scorer.py (equity_signal logic),2026-08-08T12:00:00Z,PENDING_RERUN
lake_041351320000_prop_intel_dossier.md,Lake,Lien Risk Tier: LOW,Equity / Assessed-Value Indicator: HIGH (with disclaimer),Shared remediation: field was a pure equity-ratio proxy labeled as if a lien/title review had been performed,predictive_scorer.py (equity_signal logic),2026-08-08T12:00:00Z,PENDING_RERUN
lake_050192020000_prop_intel_dossier.md,Lake,Lien Risk Tier: MEDIUM,Equity / Assessed-Value Indicator: MEDIUM (with disclaimer),Shared remediation: field was a pure equity-ratio proxy labeled as if a lien/title review had been performed,predictive_scorer.py (equity_signal logic),2026-08-08T12:00:00Z,PENDING_RERUN
lake_141451110000_prop_intel_dossier.md,Lake,Lien Risk Tier: LOW,Equity / Assessed-Value Indicator: HIGH (with disclaimer),Shared remediation: field was a pure equity-ratio proxy labeled as if a lien/title review had been performed,predictive_scorer.py (equity_signal logic),2026-08-08T12:00:00Z,PENDING_RERUN
lake_142035060000_prop_intel_dossier.md,Lake,Lien Risk Tier: LOW,Equity / Assessed-Value Indicator: HIGH (with disclaimer),Shared remediation: field was a pure equity-ratio proxy labeled as if a lien/title review had been performed,predictive_scorer.py (equity_signal logic),2026-08-08T12:00:00Z,PENDING_RERUN
lake_142272060000_prop_intel_dossier.md,Lake,Lien Risk Tier: LOW,Equity / Assessed-Value Indicator: HIGH (with disclaimer),Shared remediation: field was a pure equity-ratio proxy labeled as if a lien/title review had been performed,predictive_scorer.py (equity_signal logic),2026-08-08T12:00:00Z,PENDING_RERUN
022-210-078-000,Butte,Dossier existed in principle (redeemed parcel could be silently regenerated as a live opportunity - the code had no filter; had not yet actually reoccurred in the live 104 only because a prior session had manually excluded it outside the script),"Dossier removed and cannot recur - excluded via is_redeemed() check, now wired into regen_butte_dossiers.py's production path and covered by tests/test_butte_redemption_filter.py",BUTTE_MONITOR finding (commit e5e1aa6): redemption_status field was never wired into the generation script; Gridley's call-sheet row is marked redeemed,"butte/butte_SCORED_AUCTION_MATCHES_CALL_SHEET.csv (row 022-210-078-000, redemption_status=redeemed); regen_butte_dossiers.py:is_redeemed(); tests/test_butte_redemption_filter.py; monitor_runs/butte_monitor_run.log",2026-08-08T12:00:00Z,VERIFIED_BY_REGRESSION_TEST
